latitude,longitude,elevation,utc_offset_seconds,timezone,timezone_abbreviation
48.86,2.3399997,43.0,7200,Europe/Paris,GMT+2

time,temperature_2m (°C),relative_humidity_2m (%),precipitation (mm),weather_code (wmo code),wind_speed_10m (km/h)
2026-01-20T00:00,NaN,NaN,NaN,NaN,NaN
2026-01-20T01:00,NaN,NaN,NaN,NaN,NaN
2026-01-20T02:00,NaN,NaN,NaN,NaN,NaN
2026-01-20T03:00,NaN,NaN,NaN,NaN,NaN
2026-01-20T04:00,NaN,NaN,NaN,NaN,NaN
2026-01-20T05:00,NaN,NaN,NaN,NaN,NaN
2026-01-20T06:00,NaN,NaN,NaN,NaN,NaN
2026-01-20T07:00,NaN,NaN,NaN,NaN,NaN
2026-01-20T08:00,NaN,NaN,NaN,NaN,NaN
2026-01-20T09:00,NaN,NaN,NaN,NaN,NaN
2026-01-20T10:00,NaN,NaN,NaN,NaN,NaN
2026-01-20T11:00,NaN,NaN,NaN,NaN,NaN
2026-01-20T12:00,NaN,NaN,NaN,NaN,NaN
2026-01-20T13:00,NaN,NaN,NaN,NaN,NaN
2026-01-20T14:00,NaN,NaN,NaN,NaN,NaN
2026-01-20T15:00,NaN,NaN,NaN,NaN,NaN
2026-01-20T16:00,NaN,NaN,NaN,NaN,NaN
2026-01-20T17:00,NaN,NaN,NaN,NaN,NaN
2026-01-20T18:00,NaN,NaN,NaN,NaN,NaN
2026-01-20T19:00,NaN,NaN,NaN,NaN,NaN
2026-01-20T20:00,NaN,NaN,NaN,NaN,NaN
2026-01-20T21:00,NaN,NaN,NaN,NaN,NaN
2026-01-20T22:00,NaN,NaN,NaN,NaN,NaN
2026-01-20T23:00,NaN,NaN,NaN,NaN,NaN
2026-01-21T00:00,NaN,NaN,NaN,NaN,NaN
2026-01-21T01:00,NaN,NaN,NaN,NaN,NaN
2026-01-21T02:00,NaN,NaN,NaN,NaN,NaN
2026-01-21T03:00,NaN,NaN,NaN,NaN,NaN
2026-01-21T04:00,NaN,NaN,NaN,NaN,NaN
2026-01-21T05:00,NaN,NaN,NaN,NaN,NaN
2026-01-21T06:00,NaN,NaN,NaN,NaN,NaN
2026-01-21T07:00,NaN,NaN,NaN,NaN,NaN
2026-01-21T08:00,NaN,NaN,NaN,NaN,NaN
2026-01-21T09:00,NaN,NaN,NaN,NaN,NaN
2026-01-21T10:00,NaN,NaN,NaN,NaN,NaN
2026-01-21T11:00,NaN,NaN,NaN,NaN,NaN
2026-01-21T12:00,NaN,NaN,NaN,NaN,NaN
2026-01-21T13:00,NaN,NaN,NaN,NaN,NaN
2026-01-21T14:00,NaN,NaN,NaN,NaN,NaN
2026-01-21T15:00,NaN,NaN,NaN,NaN,NaN
2026-01-21T16:00,NaN,NaN,NaN,NaN,NaN
2026-01-21T17:00,NaN,NaN,NaN,NaN,NaN
2026-01-21T18:00,NaN,NaN,NaN,NaN,NaN
2026-01-21T19:00,NaN,NaN,NaN,NaN,NaN
2026-01-21T20:00,NaN,NaN,NaN,NaN,NaN
2026-01-21T21:00,NaN,NaN,NaN,NaN,NaN
2026-01-21T22:00,NaN,NaN,NaN,NaN,NaN
2026-01-21T23:00,NaN,NaN,NaN,NaN,NaN
2026-01-22T00:00,NaN,NaN,NaN,NaN,NaN
2026-01-22T01:00,NaN,NaN,NaN,NaN,NaN
2026-01-22T02:00,NaN,NaN,NaN,NaN,NaN
2026-01-22T03:00,NaN,NaN,NaN,NaN,NaN
2026-01-22T04:00,NaN,NaN,NaN,NaN,NaN
2026-01-22T05:00,NaN,NaN,NaN,NaN,NaN
2026-01-22T06:00,NaN,NaN,NaN,NaN,NaN
2026-01-22T07:00,NaN,NaN,NaN,NaN,NaN
2026-01-22T08:00,NaN,NaN,NaN,NaN,NaN
2026-01-22T09:00,NaN,NaN,NaN,NaN,NaN
2026-01-22T10:00,NaN,NaN,NaN,NaN,NaN
2026-01-22T11:00,NaN,NaN,NaN,NaN,NaN
2026-01-22T12:00,NaN,NaN,NaN,NaN,NaN
2026-01-22T13:00,NaN,NaN,NaN,NaN,NaN
2026-01-22T14:00,NaN,NaN,NaN,NaN,NaN
2026-01-22T15:00,NaN,NaN,NaN,NaN,NaN
2026-01-22T16:00,NaN,NaN,NaN,NaN,NaN
2026-01-22T17:00,NaN,NaN,NaN,NaN,NaN
2026-01-22T18:00,NaN,NaN,NaN,NaN,NaN
2026-01-22T19:00,NaN,NaN,NaN,NaN,NaN
2026-01-22T20:00,NaN,NaN,NaN,NaN,NaN
2026-01-22T21:00,NaN,NaN,NaN,NaN,NaN
2026-01-22T22:00,NaN,NaN,NaN,NaN,NaN
2026-01-22T23:00,NaN,NaN,NaN,NaN,NaN
2026-01-23T00:00,NaN,NaN,NaN,NaN,NaN
2026-01-23T01:00,NaN,NaN,NaN,NaN,NaN
2026-01-23T02:00,NaN,NaN,NaN,NaN,NaN
2026-01-23T03:00,NaN,NaN,NaN,NaN,NaN
2026-01-23T04:00,NaN,NaN,NaN,NaN,NaN
2026-01-23T05:00,NaN,NaN,NaN,NaN,NaN
2026-01-23T06:00,NaN,NaN,NaN,NaN,NaN
2026-01-23T07:00,NaN,NaN,NaN,NaN,NaN
2026-01-23T08:00,NaN,NaN,NaN,NaN,NaN
2026-01-23T09:00,NaN,NaN,NaN,NaN,NaN
2026-01-23T10:00,NaN,NaN,NaN,NaN,NaN
2026-01-23T11:00,NaN,NaN,NaN,NaN,NaN
2026-01-23T12:00,NaN,NaN,NaN,NaN,NaN
2026-01-23T13:00,NaN,NaN,NaN,NaN,NaN
2026-01-23T14:00,NaN,NaN,NaN,NaN,NaN
2026-01-23T15:00,NaN,NaN,NaN,NaN,NaN
2026-01-23T16:00,NaN,NaN,NaN,NaN,NaN
2026-01-23T17:00,NaN,NaN,NaN,NaN,NaN
2026-01-23T18:00,NaN,NaN,NaN,NaN,NaN
2026-01-23T19:00,NaN,NaN,NaN,NaN,NaN
2026-01-23T20:00,NaN,NaN,NaN,NaN,NaN
2026-01-23T21:00,NaN,NaN,NaN,NaN,NaN
2026-01-23T22:00,NaN,NaN,NaN,NaN,NaN
2026-01-23T23:00,NaN,NaN,NaN,NaN,NaN
2026-01-24T00:00,NaN,NaN,NaN,NaN,NaN
2026-01-24T01:00,NaN,NaN,NaN,NaN,NaN
2026-01-24T02:00,NaN,NaN,NaN,NaN,NaN
2026-01-24T03:00,NaN,NaN,NaN,NaN,NaN
2026-01-24T04:00,NaN,NaN,NaN,NaN,NaN
2026-01-24T05:00,NaN,NaN,NaN,NaN,NaN
2026-01-24T06:00,NaN,NaN,NaN,NaN,NaN
2026-01-24T07:00,NaN,NaN,NaN,NaN,NaN
2026-01-24T08:00,NaN,NaN,NaN,NaN,NaN
2026-01-24T09:00,NaN,NaN,NaN,NaN,NaN
2026-01-24T10:00,NaN,NaN,NaN,NaN,NaN
2026-01-24T11:00,NaN,NaN,NaN,NaN,NaN
2026-01-24T12:00,NaN,NaN,NaN,NaN,NaN
2026-01-24T13:00,NaN,NaN,NaN,NaN,NaN
2026-01-24T14:00,NaN,NaN,NaN,NaN,NaN
2026-01-24T15:00,NaN,NaN,NaN,NaN,NaN
2026-01-24T16:00,NaN,NaN,NaN,NaN,NaN
2026-01-24T17:00,NaN,NaN,NaN,NaN,NaN
2026-01-24T18:00,NaN,NaN,NaN,NaN,NaN
2026-01-24T19:00,NaN,NaN,NaN,NaN,NaN
2026-01-24T20:00,NaN,NaN,NaN,NaN,NaN
2026-01-24T21:00,NaN,NaN,NaN,NaN,NaN
2026-01-24T22:00,NaN,NaN,NaN,NaN,NaN
2026-01-24T23:00,NaN,NaN,NaN,NaN,NaN
2026-01-25T00:00,NaN,NaN,NaN,NaN,NaN
2026-01-25T01:00,NaN,NaN,NaN,NaN,NaN
2026-01-25T02:00,NaN,NaN,NaN,NaN,NaN
2026-01-25T03:00,NaN,NaN,NaN,NaN,NaN
2026-01-25T04:00,NaN,NaN,NaN,NaN,NaN
2026-01-25T05:00,NaN,NaN,NaN,NaN,NaN
2026-01-25T06:00,NaN,NaN,NaN,NaN,NaN
2026-01-25T07:00,NaN,NaN,NaN,NaN,NaN
2026-01-25T08:00,NaN,NaN,NaN,NaN,NaN
2026-01-25T09:00,NaN,NaN,NaN,NaN,NaN
2026-01-25T10:00,NaN,NaN,NaN,NaN,NaN
2026-01-25T11:00,NaN,NaN,NaN,NaN,NaN
2026-01-25T12:00,NaN,NaN,NaN,NaN,NaN
2026-01-25T13:00,NaN,NaN,NaN,NaN,NaN
2026-01-25T14:00,NaN,NaN,NaN,NaN,NaN
2026-01-25T15:00,NaN,NaN,NaN,NaN,NaN
2026-01-25T16:00,NaN,NaN,NaN,NaN,NaN
2026-01-25T17:00,NaN,NaN,NaN,NaN,NaN
2026-01-25T18:00,NaN,NaN,NaN,NaN,NaN
2026-01-25T19:00,NaN,NaN,NaN,NaN,NaN
2026-01-25T20:00,NaN,NaN,NaN,NaN,NaN
2026-01-25T21:00,NaN,NaN,NaN,NaN,NaN
2026-01-25T22:00,NaN,NaN,NaN,NaN,NaN
2026-01-25T23:00,NaN,NaN,NaN,NaN,NaN
2026-01-26T00:00,NaN,NaN,NaN,NaN,NaN
2026-01-26T01:00,NaN,NaN,NaN,NaN,NaN
2026-01-26T02:00,NaN,NaN,NaN,NaN,NaN
2026-01-26T03:00,NaN,NaN,NaN,NaN,NaN
2026-01-26T04:00,NaN,NaN,NaN,NaN,NaN
2026-01-26T05:00,NaN,NaN,NaN,NaN,NaN
2026-01-26T06:00,NaN,NaN,NaN,NaN,NaN
2026-01-26T07:00,NaN,NaN,NaN,NaN,NaN
2026-01-26T08:00,NaN,NaN,NaN,NaN,NaN
2026-01-26T09:00,NaN,NaN,NaN,NaN,NaN
2026-01-26T10:00,NaN,NaN,NaN,NaN,NaN
2026-01-26T11:00,NaN,NaN,NaN,NaN,NaN
2026-01-26T12:00,NaN,NaN,NaN,NaN,NaN
2026-01-26T13:00,NaN,NaN,NaN,NaN,NaN
2026-01-26T14:00,NaN,NaN,NaN,NaN,NaN
2026-01-26T15:00,NaN,NaN,NaN,NaN,NaN
2026-01-26T16:00,NaN,NaN,NaN,NaN,NaN
2026-01-26T17:00,NaN,NaN,NaN,NaN,NaN
2026-01-26T18:00,NaN,NaN,NaN,NaN,NaN
2026-01-26T19:00,NaN,NaN,NaN,NaN,NaN
2026-01-26T20:00,NaN,NaN,NaN,NaN,NaN
2026-01-26T21:00,NaN,NaN,NaN,NaN,NaN
2026-01-26T22:00,NaN,NaN,NaN,NaN,NaN
2026-01-26T23:00,NaN,NaN,NaN,NaN,NaN
2026-01-27T00:00,NaN,NaN,NaN,NaN,NaN
2026-01-27T01:00,NaN,NaN,NaN,NaN,NaN
2026-01-27T02:00,NaN,NaN,NaN,NaN,NaN
2026-01-27T03:00,NaN,NaN,NaN,NaN,NaN
2026-01-27T04:00,NaN,NaN,NaN,NaN,NaN
2026-01-27T05:00,NaN,NaN,NaN,NaN,NaN
2026-01-27T06:00,NaN,NaN,NaN,NaN,NaN
2026-01-27T07:00,NaN,NaN,NaN,NaN,NaN
2026-01-27T08:00,NaN,NaN,NaN,NaN,NaN
2026-01-27T09:00,NaN,NaN,NaN,NaN,NaN
2026-01-27T10:00,NaN,NaN,NaN,NaN,NaN
2026-01-27T11:00,NaN,NaN,NaN,NaN,NaN
2026-01-27T12:00,NaN,NaN,NaN,NaN,NaN
2026-01-27T13:00,NaN,NaN,NaN,NaN,NaN
2026-01-27T14:00,NaN,NaN,NaN,NaN,NaN
2026-01-27T15:00,NaN,NaN,NaN,NaN,NaN
2026-01-27T16:00,NaN,NaN,NaN,NaN,NaN
2026-01-27T17:00,NaN,NaN,NaN,NaN,NaN
2026-01-27T18:00,NaN,NaN,NaN,NaN,NaN
2026-01-27T19:00,NaN,NaN,NaN,NaN,NaN
2026-01-27T20:00,NaN,NaN,NaN,NaN,NaN
2026-01-27T21:00,NaN,NaN,NaN,NaN,NaN
2026-01-27T22:00,NaN,NaN,NaN,NaN,NaN
2026-01-27T23:00,NaN,NaN,NaN,NaN,NaN
2026-01-28T00:00,NaN,NaN,NaN,NaN,NaN
2026-01-28T01:00,NaN,NaN,NaN,NaN,NaN
2026-01-28T02:00,NaN,NaN,NaN,NaN,NaN
2026-01-28T03:00,NaN,NaN,NaN,NaN,NaN
2026-01-28T04:00,NaN,NaN,NaN,NaN,NaN
2026-01-28T05:00,NaN,NaN,NaN,NaN,NaN
2026-01-28T06:00,NaN,NaN,NaN,NaN,NaN
2026-01-28T07:00,NaN,NaN,NaN,NaN,NaN
2026-01-28T08:00,NaN,NaN,NaN,NaN,NaN
2026-01-28T09:00,NaN,NaN,NaN,NaN,NaN
2026-01-28T10:00,NaN,NaN,NaN,NaN,NaN
2026-01-28T11:00,NaN,NaN,NaN,NaN,NaN
2026-01-28T12:00,NaN,NaN,NaN,NaN,NaN
2026-01-28T13:00,NaN,NaN,NaN,NaN,NaN
2026-01-28T14:00,NaN,NaN,NaN,NaN,NaN
2026-01-28T15:00,NaN,NaN,NaN,NaN,NaN
2026-01-28T16:00,NaN,NaN,NaN,NaN,NaN
2026-01-28T17:00,NaN,NaN,NaN,NaN,NaN
2026-01-28T18:00,NaN,NaN,NaN,NaN,NaN
2026-01-28T19:00,NaN,NaN,NaN,NaN,NaN
2026-01-28T20:00,NaN,NaN,NaN,NaN,NaN
2026-01-28T21:00,NaN,NaN,NaN,NaN,NaN
2026-01-28T22:00,NaN,NaN,NaN,NaN,NaN
2026-01-28T23:00,NaN,NaN,NaN,NaN,NaN
2026-01-29T00:00,NaN,NaN,NaN,NaN,NaN
2026-01-29T01:00,NaN,NaN,NaN,NaN,NaN
2026-01-29T02:00,NaN,NaN,NaN,NaN,NaN
2026-01-29T03:00,NaN,NaN,NaN,NaN,NaN
2026-01-29T04:00,NaN,NaN,NaN,NaN,NaN
2026-01-29T05:00,NaN,NaN,NaN,NaN,NaN
2026-01-29T06:00,NaN,NaN,NaN,NaN,NaN
2026-01-29T07:00,NaN,NaN,NaN,NaN,NaN
2026-01-29T08:00,NaN,NaN,NaN,NaN,NaN
2026-01-29T09:00,NaN,NaN,NaN,NaN,NaN
2026-01-29T10:00,NaN,NaN,NaN,NaN,NaN
2026-01-29T11:00,NaN,NaN,NaN,NaN,NaN
2026-01-29T12:00,NaN,NaN,NaN,NaN,NaN
2026-01-29T13:00,NaN,NaN,NaN,NaN,NaN
2026-01-29T14:00,NaN,NaN,NaN,NaN,NaN
2026-01-29T15:00,NaN,NaN,NaN,NaN,NaN
2026-01-29T16:00,NaN,NaN,NaN,NaN,NaN
2026-01-29T17:00,NaN,NaN,NaN,NaN,NaN
2026-01-29T18:00,NaN,NaN,NaN,NaN,NaN
2026-01-29T19:00,NaN,NaN,NaN,NaN,NaN
2026-01-29T20:00,NaN,NaN,NaN,NaN,NaN
2026-01-29T21:00,NaN,NaN,NaN,NaN,NaN
2026-01-29T22:00,NaN,NaN,NaN,NaN,NaN
2026-01-29T23:00,NaN,NaN,NaN,NaN,NaN
2026-01-30T00:00,NaN,NaN,NaN,NaN,NaN
2026-01-30T01:00,NaN,NaN,NaN,NaN,NaN
2026-01-30T02:00,NaN,NaN,NaN,NaN,NaN
2026-01-30T03:00,NaN,NaN,NaN,NaN,NaN
2026-01-30T04:00,NaN,NaN,NaN,NaN,NaN
2026-01-30T05:00,NaN,NaN,NaN,NaN,NaN
2026-01-30T06:00,NaN,NaN,NaN,NaN,NaN
2026-01-30T07:00,NaN,NaN,NaN,NaN,NaN
2026-01-30T08:00,NaN,NaN,NaN,NaN,NaN
2026-01-30T09:00,NaN,NaN,NaN,NaN,NaN
2026-01-30T10:00,NaN,NaN,NaN,NaN,NaN
2026-01-30T11:00,NaN,NaN,NaN,NaN,NaN
2026-01-30T12:00,NaN,NaN,NaN,NaN,NaN
2026-01-30T13:00,NaN,NaN,NaN,NaN,NaN
2026-01-30T14:00,NaN,NaN,NaN,NaN,NaN
2026-01-30T15:00,NaN,NaN,NaN,NaN,NaN
2026-01-30T16:00,NaN,NaN,NaN,NaN,NaN
2026-01-30T17:00,NaN,NaN,NaN,NaN,NaN
2026-01-30T18:00,NaN,NaN,NaN,NaN,NaN
2026-01-30T19:00,NaN,NaN,NaN,NaN,NaN
2026-01-30T20:00,NaN,NaN,NaN,NaN,NaN
2026-01-30T21:00,NaN,NaN,NaN,NaN,NaN
2026-01-30T22:00,NaN,NaN,NaN,NaN,NaN
2026-01-30T23:00,NaN,NaN,NaN,NaN,NaN
2026-01-31T00:00,NaN,NaN,NaN,NaN,NaN
2026-01-31T01:00,NaN,NaN,NaN,NaN,NaN
2026-01-31T02:00,NaN,NaN,NaN,NaN,NaN
2026-01-31T03:00,NaN,NaN,NaN,NaN,NaN
2026-01-31T04:00,NaN,NaN,NaN,NaN,NaN
2026-01-31T05:00,NaN,NaN,NaN,NaN,NaN
2026-01-31T06:00,NaN,NaN,NaN,NaN,NaN
2026-01-31T07:00,NaN,NaN,NaN,NaN,NaN
2026-01-31T08:00,NaN,NaN,NaN,NaN,NaN
2026-01-31T09:00,NaN,NaN,NaN,NaN,NaN
2026-01-31T10:00,NaN,NaN,NaN,NaN,NaN
2026-01-31T11:00,NaN,NaN,NaN,NaN,NaN
2026-01-31T12:00,NaN,NaN,NaN,NaN,NaN
2026-01-31T13:00,NaN,NaN,NaN,NaN,NaN
2026-01-31T14:00,NaN,NaN,NaN,NaN,NaN
2026-01-31T15:00,NaN,NaN,NaN,NaN,NaN
2026-01-31T16:00,NaN,NaN,NaN,NaN,NaN
2026-01-31T17:00,NaN,NaN,NaN,NaN,NaN
2026-01-31T18:00,NaN,NaN,NaN,NaN,NaN
2026-01-31T19:00,NaN,NaN,NaN,NaN,NaN
2026-01-31T20:00,NaN,NaN,NaN,NaN,NaN
2026-01-31T21:00,NaN,NaN,NaN,NaN,NaN
2026-01-31T22:00,NaN,NaN,NaN,NaN,NaN
2026-01-31T23:00,NaN,NaN,NaN,NaN,NaN
2026-02-01T00:00,NaN,NaN,NaN,NaN,NaN
2026-02-01T01:00,NaN,NaN,NaN,NaN,NaN
2026-02-01T02:00,NaN,NaN,NaN,NaN,NaN
2026-02-01T03:00,NaN,NaN,NaN,NaN,NaN
2026-02-01T04:00,NaN,NaN,NaN,NaN,NaN
2026-02-01T05:00,NaN,NaN,NaN,NaN,NaN
2026-02-01T06:00,NaN,NaN,NaN,NaN,NaN
2026-02-01T07:00,NaN,NaN,NaN,NaN,NaN
2026-02-01T08:00,NaN,NaN,NaN,NaN,NaN
2026-02-01T09:00,NaN,NaN,NaN,NaN,NaN
2026-02-01T10:00,NaN,NaN,NaN,NaN,NaN
2026-02-01T11:00,NaN,NaN,NaN,NaN,NaN
2026-02-01T12:00,NaN,NaN,NaN,NaN,NaN
2026-02-01T13:00,NaN,NaN,NaN,NaN,NaN
2026-02-01T14:00,NaN,NaN,NaN,NaN,NaN
2026-02-01T15:00,NaN,NaN,NaN,NaN,NaN
2026-02-01T16:00,NaN,NaN,NaN,NaN,NaN
2026-02-01T17:00,NaN,NaN,NaN,NaN,NaN
2026-02-01T18:00,NaN,NaN,NaN,NaN,NaN
2026-02-01T19:00,NaN,NaN,NaN,NaN,NaN
2026-02-01T20:00,NaN,NaN,NaN,NaN,NaN
2026-02-01T21:00,NaN,NaN,NaN,NaN,NaN
2026-02-01T22:00,NaN,NaN,NaN,NaN,NaN
2026-02-01T23:00,NaN,NaN,NaN,NaN,NaN
2026-02-02T00:00,NaN,NaN,NaN,NaN,NaN
2026-02-02T01:00,NaN,NaN,NaN,NaN,NaN
2026-02-02T02:00,NaN,NaN,NaN,NaN,NaN
2026-02-02T03:00,NaN,NaN,NaN,NaN,NaN
2026-02-02T04:00,NaN,NaN,NaN,NaN,NaN
2026-02-02T05:00,NaN,NaN,NaN,NaN,NaN
2026-02-02T06:00,NaN,NaN,NaN,NaN,NaN
2026-02-02T07:00,NaN,NaN,NaN,NaN,NaN
2026-02-02T08:00,NaN,NaN,NaN,NaN,NaN
2026-02-02T09:00,NaN,NaN,NaN,NaN,NaN
2026-02-02T10:00,NaN,NaN,NaN,NaN,NaN
2026-02-02T11:00,NaN,NaN,NaN,NaN,NaN
2026-02-02T12:00,NaN,NaN,NaN,NaN,NaN
2026-02-02T13:00,NaN,NaN,NaN,NaN,NaN
2026-02-02T14:00,NaN,NaN,NaN,NaN,NaN
2026-02-02T15:00,NaN,NaN,NaN,NaN,NaN
2026-02-02T16:00,NaN,NaN,NaN,NaN,NaN
2026-02-02T17:00,NaN,NaN,NaN,NaN,NaN
2026-02-02T18:00,NaN,NaN,NaN,NaN,NaN
2026-02-02T19:00,NaN,NaN,NaN,NaN,NaN
2026-02-02T20:00,NaN,NaN,NaN,NaN,NaN
2026-02-02T21:00,NaN,NaN,NaN,NaN,NaN
2026-02-02T22:00,NaN,NaN,NaN,NaN,NaN
2026-02-02T23:00,NaN,NaN,NaN,NaN,NaN
2026-02-03T00:00,NaN,NaN,NaN,NaN,NaN
2026-02-03T01:00,NaN,NaN,NaN,NaN,NaN
2026-02-03T02:00,NaN,NaN,NaN,NaN,NaN
2026-02-03T03:00,NaN,NaN,NaN,NaN,NaN
2026-02-03T04:00,NaN,NaN,NaN,NaN,NaN
2026-02-03T05:00,NaN,NaN,NaN,NaN,NaN
2026-02-03T06:00,NaN,NaN,NaN,NaN,NaN
2026-02-03T07:00,NaN,NaN,NaN,NaN,NaN
2026-02-03T08:00,NaN,NaN,NaN,NaN,NaN
2026-02-03T09:00,NaN,NaN,NaN,NaN,NaN
2026-02-03T10:00,NaN,NaN,NaN,NaN,NaN
2026-02-03T11:00,NaN,NaN,NaN,NaN,NaN
2026-02-03T12:00,NaN,NaN,NaN,NaN,NaN
2026-02-03T13:00,NaN,NaN,NaN,NaN,NaN
2026-02-03T14:00,NaN,NaN,NaN,NaN,NaN
2026-02-03T15:00,NaN,NaN,NaN,NaN,NaN
2026-02-03T16:00,NaN,NaN,NaN,NaN,NaN
2026-02-03T17:00,NaN,NaN,NaN,NaN,NaN
2026-02-03T18:00,NaN,NaN,NaN,NaN,NaN
2026-02-03T19:00,NaN,NaN,NaN,NaN,NaN
2026-02-03T20:00,NaN,NaN,NaN,NaN,NaN
2026-02-03T21:00,NaN,NaN,NaN,NaN,NaN
2026-02-03T22:00,NaN,NaN,NaN,NaN,NaN
2026-02-03T23:00,NaN,NaN,NaN,NaN,NaN
2026-02-04T00:00,NaN,NaN,NaN,NaN,NaN
2026-02-04T01:00,NaN,NaN,NaN,NaN,NaN
2026-02-04T02:00,NaN,NaN,NaN,NaN,NaN
2026-02-04T03:00,NaN,NaN,NaN,NaN,NaN
2026-02-04T04:00,NaN,NaN,NaN,NaN,NaN
2026-02-04T05:00,NaN,NaN,NaN,NaN,NaN
2026-02-04T06:00,NaN,NaN,NaN,NaN,NaN
2026-02-04T07:00,NaN,NaN,NaN,NaN,NaN
2026-02-04T08:00,NaN,NaN,NaN,NaN,NaN
2026-02-04T09:00,NaN,NaN,NaN,NaN,NaN
2026-02-04T10:00,NaN,NaN,NaN,NaN,NaN
2026-02-04T11:00,NaN,NaN,NaN,NaN,NaN
2026-02-04T12:00,NaN,NaN,NaN,NaN,NaN
2026-02-04T13:00,NaN,NaN,NaN,NaN,NaN
2026-02-04T14:00,NaN,NaN,NaN,NaN,NaN
2026-02-04T15:00,NaN,NaN,NaN,NaN,NaN
2026-02-04T16:00,NaN,NaN,NaN,NaN,NaN
2026-02-04T17:00,NaN,NaN,NaN,NaN,NaN
2026-02-04T18:00,NaN,NaN,NaN,NaN,NaN
2026-02-04T19:00,NaN,NaN,NaN,NaN,NaN
2026-02-04T20:00,NaN,NaN,NaN,NaN,NaN
2026-02-04T21:00,NaN,NaN,NaN,NaN,NaN
2026-02-04T22:00,NaN,NaN,NaN,NaN,NaN
2026-02-04T23:00,NaN,NaN,NaN,NaN,NaN
2026-02-05T00:00,NaN,NaN,NaN,NaN,NaN
2026-02-05T01:00,NaN,NaN,NaN,NaN,NaN
2026-02-05T02:00,NaN,NaN,NaN,NaN,NaN
2026-02-05T03:00,NaN,NaN,NaN,NaN,NaN
2026-02-05T04:00,NaN,NaN,NaN,NaN,NaN
2026-02-05T05:00,NaN,NaN,NaN,NaN,NaN
2026-02-05T06:00,NaN,NaN,NaN,NaN,NaN
2026-02-05T07:00,NaN,NaN,NaN,NaN,NaN
2026-02-05T08:00,NaN,NaN,NaN,NaN,NaN
2026-02-05T09:00,NaN,NaN,NaN,NaN,NaN
2026-02-05T10:00,NaN,NaN,NaN,NaN,NaN
2026-02-05T11:00,NaN,NaN,NaN,NaN,NaN
2026-02-05T12:00,NaN,NaN,NaN,NaN,NaN
2026-02-05T13:00,NaN,NaN,NaN,NaN,NaN
2026-02-05T14:00,NaN,NaN,NaN,NaN,NaN
2026-02-05T15:00,NaN,NaN,NaN,NaN,NaN
2026-02-05T16:00,NaN,NaN,NaN,NaN,NaN
2026-02-05T17:00,NaN,NaN,NaN,NaN,NaN
2026-02-05T18:00,NaN,NaN,NaN,NaN,NaN
2026-02-05T19:00,NaN,NaN,NaN,NaN,NaN
2026-02-05T20:00,NaN,NaN,NaN,NaN,NaN
2026-02-05T21:00,NaN,NaN,NaN,NaN,NaN
2026-02-05T22:00,NaN,NaN,NaN,NaN,NaN
2026-02-05T23:00,NaN,NaN,NaN,NaN,NaN
2026-02-06T00:00,NaN,NaN,NaN,NaN,NaN
2026-02-06T01:00,NaN,NaN,NaN,NaN,NaN
2026-02-06T02:00,NaN,NaN,NaN,NaN,NaN
2026-02-06T03:00,NaN,NaN,NaN,NaN,NaN
2026-02-06T04:00,NaN,NaN,NaN,NaN,NaN
2026-02-06T05:00,NaN,NaN,NaN,NaN,NaN
2026-02-06T06:00,NaN,NaN,NaN,NaN,NaN
2026-02-06T07:00,NaN,NaN,NaN,NaN,NaN
2026-02-06T08:00,NaN,NaN,NaN,NaN,NaN
2026-02-06T09:00,NaN,NaN,NaN,NaN,NaN
2026-02-06T10:00,NaN,NaN,NaN,NaN,NaN
2026-02-06T11:00,NaN,NaN,NaN,NaN,NaN
2026-02-06T12:00,NaN,NaN,NaN,NaN,NaN
2026-02-06T13:00,NaN,NaN,NaN,NaN,NaN
2026-02-06T14:00,NaN,NaN,NaN,NaN,NaN
2026-02-06T15:00,NaN,NaN,NaN,NaN,NaN
2026-02-06T16:00,NaN,NaN,NaN,NaN,NaN
2026-02-06T17:00,NaN,NaN,NaN,NaN,NaN
2026-02-06T18:00,NaN,NaN,NaN,NaN,NaN
2026-02-06T19:00,NaN,NaN,NaN,NaN,NaN
2026-02-06T20:00,NaN,NaN,NaN,NaN,NaN
2026-02-06T21:00,NaN,NaN,NaN,NaN,NaN
2026-02-06T22:00,NaN,NaN,NaN,NaN,NaN
2026-02-06T23:00,NaN,NaN,NaN,NaN,NaN
2026-02-07T00:00,NaN,NaN,NaN,NaN,NaN
2026-02-07T01:00,NaN,NaN,NaN,NaN,NaN
2026-02-07T02:00,NaN,NaN,NaN,NaN,NaN
2026-02-07T03:00,NaN,NaN,NaN,NaN,NaN
2026-02-07T04:00,NaN,NaN,NaN,NaN,NaN
2026-02-07T05:00,NaN,NaN,NaN,NaN,NaN
2026-02-07T06:00,NaN,NaN,NaN,NaN,NaN
2026-02-07T07:00,NaN,NaN,NaN,NaN,NaN
2026-02-07T08:00,NaN,NaN,NaN,NaN,NaN
2026-02-07T09:00,NaN,NaN,NaN,NaN,NaN
2026-02-07T10:00,NaN,NaN,NaN,NaN,NaN
2026-02-07T11:00,NaN,NaN,NaN,NaN,NaN
2026-02-07T12:00,NaN,NaN,NaN,NaN,NaN
2026-02-07T13:00,NaN,NaN,NaN,NaN,NaN
2026-02-07T14:00,NaN,NaN,NaN,NaN,NaN
2026-02-07T15:00,NaN,NaN,NaN,NaN,NaN
2026-02-07T16:00,NaN,NaN,NaN,NaN,NaN
2026-02-07T17:00,NaN,NaN,NaN,NaN,NaN
2026-02-07T18:00,NaN,NaN,NaN,NaN,NaN
2026-02-07T19:00,NaN,NaN,NaN,NaN,NaN
2026-02-07T20:00,NaN,NaN,NaN,NaN,NaN
2026-02-07T21:00,NaN,NaN,NaN,NaN,NaN
2026-02-07T22:00,NaN,NaN,NaN,NaN,NaN
2026-02-07T23:00,NaN,NaN,NaN,NaN,NaN
2026-02-08T00:00,NaN,NaN,NaN,NaN,NaN
2026-02-08T01:00,NaN,NaN,NaN,NaN,NaN
2026-02-08T02:00,NaN,NaN,NaN,NaN,NaN
2026-02-08T03:00,NaN,NaN,NaN,NaN,NaN
2026-02-08T04:00,NaN,NaN,NaN,NaN,NaN
2026-02-08T05:00,NaN,NaN,NaN,NaN,NaN
2026-02-08T06:00,NaN,NaN,NaN,NaN,NaN
2026-02-08T07:00,NaN,NaN,NaN,NaN,NaN
2026-02-08T08:00,NaN,NaN,NaN,NaN,NaN
2026-02-08T09:00,NaN,NaN,NaN,NaN,NaN
2026-02-08T10:00,NaN,NaN,NaN,NaN,NaN
2026-02-08T11:00,NaN,NaN,NaN,NaN,NaN
2026-02-08T12:00,NaN,NaN,NaN,NaN,NaN
2026-02-08T13:00,NaN,NaN,NaN,NaN,NaN
2026-02-08T14:00,NaN,NaN,NaN,NaN,NaN
2026-02-08T15:00,NaN,NaN,NaN,NaN,NaN
2026-02-08T16:00,NaN,NaN,NaN,NaN,NaN
2026-02-08T17:00,NaN,NaN,NaN,NaN,NaN
2026-02-08T18:00,NaN,NaN,NaN,NaN,NaN
2026-02-08T19:00,NaN,NaN,NaN,NaN,NaN
2026-02-08T20:00,NaN,NaN,NaN,NaN,NaN
2026-02-08T21:00,NaN,NaN,NaN,NaN,NaN
2026-02-08T22:00,NaN,NaN,NaN,NaN,NaN
2026-02-08T23:00,NaN,NaN,NaN,NaN,NaN
2026-02-09T00:00,NaN,NaN,NaN,NaN,NaN
2026-02-09T01:00,NaN,NaN,NaN,NaN,NaN
2026-02-09T02:00,NaN,NaN,NaN,NaN,NaN
2026-02-09T03:00,NaN,NaN,NaN,NaN,NaN
2026-02-09T04:00,NaN,NaN,NaN,NaN,NaN
2026-02-09T05:00,NaN,NaN,NaN,NaN,NaN
2026-02-09T06:00,NaN,NaN,NaN,NaN,NaN
2026-02-09T07:00,NaN,NaN,NaN,NaN,NaN
2026-02-09T08:00,NaN,NaN,NaN,NaN,NaN
2026-02-09T09:00,NaN,NaN,NaN,NaN,NaN
2026-02-09T10:00,NaN,NaN,NaN,NaN,NaN
2026-02-09T11:00,NaN,NaN,NaN,NaN,NaN
2026-02-09T12:00,NaN,NaN,NaN,NaN,NaN
2026-02-09T13:00,NaN,NaN,NaN,NaN,NaN
2026-02-09T14:00,NaN,NaN,NaN,NaN,NaN
2026-02-09T15:00,NaN,NaN,NaN,NaN,NaN
2026-02-09T16:00,NaN,NaN,NaN,NaN,NaN
2026-02-09T17:00,NaN,NaN,NaN,NaN,NaN
2026-02-09T18:00,NaN,NaN,NaN,NaN,NaN
2026-02-09T19:00,NaN,NaN,NaN,NaN,NaN
2026-02-09T20:00,NaN,NaN,NaN,NaN,NaN
2026-02-09T21:00,NaN,NaN,NaN,NaN,NaN
2026-02-09T22:00,NaN,NaN,NaN,NaN,NaN
2026-02-09T23:00,NaN,NaN,NaN,NaN,NaN
2026-02-10T00:00,NaN,NaN,NaN,NaN,NaN
2026-02-10T01:00,NaN,NaN,NaN,NaN,NaN
2026-02-10T02:00,NaN,NaN,NaN,NaN,NaN
2026-02-10T03:00,NaN,NaN,NaN,NaN,NaN
2026-02-10T04:00,NaN,NaN,NaN,NaN,NaN
2026-02-10T05:00,NaN,NaN,NaN,NaN,NaN
2026-02-10T06:00,NaN,NaN,NaN,NaN,NaN
2026-02-10T07:00,NaN,NaN,NaN,NaN,NaN
2026-02-10T08:00,NaN,NaN,NaN,NaN,NaN
2026-02-10T09:00,NaN,NaN,NaN,NaN,NaN
2026-02-10T10:00,NaN,NaN,NaN,NaN,NaN
2026-02-10T11:00,NaN,NaN,NaN,NaN,NaN
2026-02-10T12:00,NaN,NaN,NaN,NaN,NaN
2026-02-10T13:00,NaN,NaN,NaN,NaN,NaN
2026-02-10T14:00,NaN,NaN,NaN,NaN,NaN
2026-02-10T15:00,NaN,NaN,NaN,NaN,NaN
2026-02-10T16:00,NaN,NaN,NaN,NaN,NaN
2026-02-10T17:00,NaN,NaN,NaN,NaN,NaN
2026-02-10T18:00,NaN,NaN,NaN,NaN,NaN
2026-02-10T19:00,NaN,NaN,NaN,NaN,NaN
2026-02-10T20:00,NaN,NaN,NaN,NaN,NaN
2026-02-10T21:00,NaN,NaN,NaN,NaN,NaN
2026-02-10T22:00,NaN,NaN,NaN,NaN,NaN
2026-02-10T23:00,NaN,NaN,NaN,NaN,NaN
2026-02-11T00:00,NaN,NaN,NaN,NaN,NaN
2026-02-11T01:00,NaN,NaN,NaN,NaN,NaN
2026-02-11T02:00,NaN,NaN,NaN,NaN,NaN
2026-02-11T03:00,NaN,NaN,NaN,NaN,NaN
2026-02-11T04:00,NaN,NaN,NaN,NaN,NaN
2026-02-11T05:00,NaN,NaN,NaN,NaN,NaN
2026-02-11T06:00,NaN,NaN,NaN,NaN,NaN
2026-02-11T07:00,NaN,NaN,NaN,NaN,NaN
2026-02-11T08:00,NaN,NaN,NaN,NaN,NaN
2026-02-11T09:00,NaN,NaN,NaN,NaN,NaN
2026-02-11T10:00,NaN,NaN,NaN,NaN,NaN
2026-02-11T11:00,NaN,NaN,NaN,NaN,NaN
2026-02-11T12:00,NaN,NaN,NaN,NaN,NaN
2026-02-11T13:00,NaN,NaN,NaN,NaN,NaN
2026-02-11T14:00,NaN,NaN,NaN,NaN,NaN
2026-02-11T15:00,NaN,NaN,NaN,NaN,NaN
2026-02-11T16:00,NaN,NaN,NaN,NaN,NaN
2026-02-11T17:00,NaN,NaN,NaN,NaN,NaN
2026-02-11T18:00,NaN,NaN,NaN,NaN,NaN
2026-02-11T19:00,NaN,NaN,NaN,NaN,NaN
2026-02-11T20:00,NaN,NaN,NaN,NaN,NaN
2026-02-11T21:00,NaN,NaN,NaN,NaN,NaN
2026-02-11T22:00,NaN,NaN,NaN,NaN,NaN
2026-02-11T23:00,NaN,NaN,NaN,NaN,NaN
2026-02-12T00:00,NaN,NaN,NaN,NaN,NaN
2026-02-12T01:00,NaN,NaN,NaN,NaN,NaN
2026-02-12T02:00,NaN,NaN,NaN,NaN,NaN
2026-02-12T03:00,NaN,NaN,NaN,NaN,NaN
2026-02-12T04:00,NaN,NaN,NaN,NaN,NaN
2026-02-12T05:00,NaN,NaN,NaN,NaN,NaN
2026-02-12T06:00,NaN,NaN,NaN,NaN,NaN
2026-02-12T07:00,NaN,NaN,NaN,NaN,NaN
2026-02-12T08:00,NaN,NaN,NaN,NaN,NaN
2026-02-12T09:00,NaN,NaN,NaN,NaN,NaN
2026-02-12T10:00,NaN,NaN,NaN,NaN,NaN
2026-02-12T11:00,NaN,NaN,NaN,NaN,NaN
2026-02-12T12:00,NaN,NaN,NaN,NaN,NaN
2026-02-12T13:00,NaN,NaN,NaN,NaN,NaN
2026-02-12T14:00,NaN,NaN,NaN,NaN,NaN
2026-02-12T15:00,NaN,NaN,NaN,NaN,NaN
2026-02-12T16:00,NaN,NaN,NaN,NaN,NaN
2026-02-12T17:00,NaN,NaN,NaN,NaN,NaN
2026-02-12T18:00,NaN,NaN,NaN,NaN,NaN
2026-02-12T19:00,NaN,NaN,NaN,NaN,NaN
2026-02-12T20:00,NaN,NaN,NaN,NaN,NaN
2026-02-12T21:00,NaN,NaN,NaN,NaN,NaN
2026-02-12T22:00,NaN,NaN,NaN,NaN,NaN
2026-02-12T23:00,NaN,NaN,NaN,NaN,NaN
2026-02-13T00:00,NaN,NaN,NaN,NaN,NaN
2026-02-13T01:00,NaN,NaN,NaN,NaN,NaN
2026-02-13T02:00,NaN,NaN,NaN,NaN,NaN
2026-02-13T03:00,NaN,NaN,NaN,NaN,NaN
2026-02-13T04:00,NaN,NaN,NaN,NaN,NaN
2026-02-13T05:00,NaN,NaN,NaN,NaN,NaN
2026-02-13T06:00,NaN,NaN,NaN,NaN,NaN
2026-02-13T07:00,NaN,NaN,NaN,NaN,NaN
2026-02-13T08:00,NaN,NaN,NaN,NaN,NaN
2026-02-13T09:00,NaN,NaN,NaN,NaN,NaN
2026-02-13T10:00,NaN,NaN,NaN,NaN,NaN
2026-02-13T11:00,NaN,NaN,NaN,NaN,NaN
2026-02-13T12:00,NaN,NaN,NaN,NaN,NaN
2026-02-13T13:00,NaN,NaN,NaN,NaN,NaN
2026-02-13T14:00,NaN,NaN,NaN,NaN,NaN
2026-02-13T15:00,NaN,NaN,NaN,NaN,NaN
2026-02-13T16:00,NaN,NaN,NaN,NaN,NaN
2026-02-13T17:00,NaN,NaN,NaN,NaN,NaN
2026-02-13T18:00,NaN,NaN,NaN,NaN,NaN
2026-02-13T19:00,NaN,NaN,NaN,NaN,NaN
2026-02-13T20:00,NaN,NaN,NaN,NaN,NaN
2026-02-13T21:00,NaN,NaN,NaN,NaN,NaN
2026-02-13T22:00,NaN,NaN,NaN,NaN,NaN
2026-02-13T23:00,NaN,NaN,NaN,NaN,NaN
2026-02-14T00:00,NaN,NaN,NaN,NaN,NaN
2026-02-14T01:00,NaN,NaN,NaN,NaN,NaN
2026-02-14T02:00,NaN,NaN,NaN,NaN,NaN
2026-02-14T03:00,NaN,NaN,NaN,NaN,NaN
2026-02-14T04:00,NaN,NaN,NaN,NaN,NaN
2026-02-14T05:00,NaN,NaN,NaN,NaN,NaN
2026-02-14T06:00,NaN,NaN,NaN,NaN,NaN
2026-02-14T07:00,NaN,NaN,NaN,NaN,NaN
2026-02-14T08:00,NaN,NaN,NaN,NaN,NaN
2026-02-14T09:00,NaN,NaN,NaN,NaN,NaN
2026-02-14T10:00,NaN,NaN,NaN,NaN,NaN
2026-02-14T11:00,NaN,NaN,NaN,NaN,NaN
2026-02-14T12:00,NaN,NaN,NaN,NaN,NaN
2026-02-14T13:00,NaN,NaN,NaN,NaN,NaN
2026-02-14T14:00,NaN,NaN,NaN,NaN,NaN
2026-02-14T15:00,NaN,NaN,NaN,NaN,NaN
2026-02-14T16:00,NaN,NaN,NaN,NaN,NaN
2026-02-14T17:00,NaN,NaN,NaN,NaN,NaN
2026-02-14T18:00,NaN,NaN,NaN,NaN,NaN
2026-02-14T19:00,NaN,NaN,NaN,NaN,NaN
2026-02-14T20:00,NaN,NaN,NaN,NaN,NaN
2026-02-14T21:00,NaN,NaN,NaN,NaN,NaN
2026-02-14T22:00,NaN,NaN,NaN,NaN,NaN
2026-02-14T23:00,NaN,NaN,NaN,NaN,NaN
2026-02-15T00:00,NaN,NaN,NaN,NaN,NaN
2026-02-15T01:00,NaN,NaN,NaN,NaN,NaN
2026-02-15T02:00,NaN,NaN,NaN,NaN,NaN
2026-02-15T03:00,NaN,NaN,NaN,NaN,NaN
2026-02-15T04:00,NaN,NaN,NaN,NaN,NaN
2026-02-15T05:00,NaN,NaN,NaN,NaN,NaN
2026-02-15T06:00,NaN,NaN,NaN,NaN,NaN
2026-02-15T07:00,NaN,NaN,NaN,NaN,NaN
2026-02-15T08:00,NaN,NaN,NaN,NaN,NaN
2026-02-15T09:00,NaN,NaN,NaN,NaN,NaN
2026-02-15T10:00,NaN,NaN,NaN,NaN,NaN
2026-02-15T11:00,NaN,NaN,NaN,NaN,NaN
2026-02-15T12:00,NaN,NaN,NaN,NaN,NaN
2026-02-15T13:00,NaN,NaN,NaN,NaN,NaN
2026-02-15T14:00,NaN,NaN,NaN,NaN,NaN
2026-02-15T15:00,NaN,NaN,NaN,NaN,NaN
2026-02-15T16:00,NaN,NaN,NaN,NaN,NaN
2026-02-15T17:00,NaN,NaN,NaN,NaN,NaN
2026-02-15T18:00,NaN,NaN,NaN,NaN,NaN
2026-02-15T19:00,NaN,NaN,NaN,NaN,NaN
2026-02-15T20:00,NaN,NaN,NaN,NaN,NaN
2026-02-15T21:00,NaN,NaN,NaN,NaN,NaN
2026-02-15T22:00,NaN,NaN,NaN,NaN,NaN
2026-02-15T23:00,NaN,NaN,NaN,NaN,NaN
2026-02-16T00:00,NaN,NaN,NaN,NaN,NaN
2026-02-16T01:00,NaN,NaN,NaN,NaN,NaN
2026-02-16T02:00,NaN,NaN,NaN,NaN,NaN
2026-02-16T03:00,NaN,NaN,NaN,NaN,NaN
2026-02-16T04:00,NaN,NaN,NaN,NaN,NaN
2026-02-16T05:00,NaN,NaN,NaN,NaN,NaN
2026-02-16T06:00,NaN,NaN,NaN,NaN,NaN
2026-02-16T07:00,NaN,NaN,NaN,NaN,NaN
2026-02-16T08:00,NaN,NaN,NaN,NaN,NaN
2026-02-16T09:00,NaN,NaN,NaN,NaN,NaN
2026-02-16T10:00,NaN,NaN,NaN,NaN,NaN
2026-02-16T11:00,NaN,NaN,NaN,NaN,NaN
2026-02-16T12:00,NaN,NaN,NaN,NaN,NaN
2026-02-16T13:00,NaN,NaN,NaN,NaN,NaN
2026-02-16T14:00,NaN,NaN,NaN,NaN,NaN
2026-02-16T15:00,NaN,NaN,NaN,NaN,NaN
2026-02-16T16:00,NaN,NaN,NaN,NaN,NaN
2026-02-16T17:00,NaN,NaN,NaN,NaN,NaN
2026-02-16T18:00,NaN,NaN,NaN,NaN,NaN
2026-02-16T19:00,NaN,NaN,NaN,NaN,NaN
2026-02-16T20:00,NaN,NaN,NaN,NaN,NaN
2026-02-16T21:00,NaN,NaN,NaN,NaN,NaN
2026-02-16T22:00,NaN,NaN,NaN,NaN,NaN
2026-02-16T23:00,NaN,NaN,NaN,NaN,NaN
2026-02-17T00:00,NaN,NaN,NaN,NaN,NaN
2026-02-17T01:00,NaN,NaN,NaN,NaN,NaN
2026-02-17T02:00,NaN,NaN,NaN,NaN,NaN
2026-02-17T03:00,NaN,NaN,NaN,NaN,NaN
2026-02-17T04:00,NaN,NaN,NaN,NaN,NaN
2026-02-17T05:00,NaN,NaN,NaN,NaN,NaN
2026-02-17T06:00,NaN,NaN,NaN,NaN,NaN
2026-02-17T07:00,NaN,NaN,NaN,NaN,NaN
2026-02-17T08:00,NaN,NaN,NaN,NaN,NaN
2026-02-17T09:00,NaN,NaN,NaN,NaN,NaN
2026-02-17T10:00,NaN,NaN,NaN,NaN,NaN
2026-02-17T11:00,NaN,NaN,NaN,NaN,NaN
2026-02-17T12:00,NaN,NaN,NaN,NaN,NaN
2026-02-17T13:00,NaN,NaN,NaN,NaN,NaN
2026-02-17T14:00,NaN,NaN,NaN,NaN,NaN
2026-02-17T15:00,NaN,NaN,NaN,NaN,NaN
2026-02-17T16:00,NaN,NaN,NaN,NaN,NaN
2026-02-17T17:00,NaN,NaN,NaN,NaN,NaN
2026-02-17T18:00,NaN,NaN,NaN,NaN,NaN
2026-02-17T19:00,NaN,NaN,NaN,NaN,NaN
2026-02-17T20:00,NaN,NaN,NaN,NaN,NaN
2026-02-17T21:00,NaN,NaN,NaN,NaN,NaN
2026-02-17T22:00,NaN,NaN,NaN,NaN,NaN
2026-02-17T23:00,NaN,NaN,NaN,NaN,NaN
2026-02-18T00:00,NaN,NaN,NaN,NaN,NaN
2026-02-18T01:00,NaN,NaN,NaN,NaN,NaN
2026-02-18T02:00,NaN,NaN,NaN,NaN,NaN
2026-02-18T03:00,NaN,NaN,NaN,NaN,NaN
2026-02-18T04:00,NaN,NaN,NaN,NaN,NaN
2026-02-18T05:00,NaN,NaN,NaN,NaN,NaN
2026-02-18T06:00,NaN,NaN,NaN,NaN,NaN
2026-02-18T07:00,NaN,NaN,NaN,NaN,NaN
2026-02-18T08:00,NaN,NaN,NaN,NaN,NaN
2026-02-18T09:00,NaN,NaN,NaN,NaN,NaN
2026-02-18T10:00,NaN,NaN,NaN,NaN,NaN
2026-02-18T11:00,NaN,NaN,NaN,NaN,NaN
2026-02-18T12:00,NaN,NaN,NaN,NaN,NaN
2026-02-18T13:00,NaN,NaN,NaN,NaN,NaN
2026-02-18T14:00,NaN,NaN,NaN,NaN,NaN
2026-02-18T15:00,NaN,NaN,NaN,NaN,NaN
2026-02-18T16:00,NaN,NaN,NaN,NaN,NaN
2026-02-18T17:00,5.3,95,2.40,61,11.6
2026-02-18T18:00,5.6,98,3.10,63,10.1
2026-02-18T19:00,6.5,99,0.60,53,10.4
2026-02-18T20:00,7.2,99,0.30,51,10.7
2026-02-18T21:00,7.7,99,1.80,80,10.7
2026-02-18T22:00,8.4,97,0.70,53,13.0
2026-02-18T23:00,9.0,95,0.70,53,14.3
2026-02-19T00:00,9.1,83,0.30,51,23.7
2026-02-19T01:00,8.8,82,0.10,51,21.3
2026-02-19T02:00,8.5,84,0.10,51,17.6
2026-02-19T03:00,9.0,82,0.10,51,18.8
2026-02-19T04:00,8.7,81,0.10,51,16.6
2026-02-19T05:00,8.3,83,0.10,51,16.0
2026-02-19T06:00,8.1,84,0.10,51,15.3
2026-02-19T07:00,8.0,84,0.10,51,13.0
2026-02-19T08:00,8.0,88,0.20,51,10.1
2026-02-19T09:00,8.1,87,0.70,53,9.2
2026-02-19T10:00,7.9,90,1.40,80,13.3
2026-02-19T11:00,8.1,86,0.40,51,14.3
2026-02-19T12:00,7.9,85,0.20,51,14.2
2026-02-19T13:00,7.5,90,1.60,61,13.7
2026-02-19T14:00,7.6,93,2.60,63,13.2
2026-02-19T15:00,9.1,87,0.40,80,13.9
2026-02-19T16:00,9.3,88,0.50,61,14.5
2026-02-19T17:00,9.5,85,0.30,80,15.0
2026-02-19T18:00,9.4,86,0.70,80,16.8
2026-02-19T19:00,8.9,83,0.20,3,17.6
2026-02-19T20:00,8.6,85,0.00,3,14.3
2026-02-19T21:00,8.3,89,0.00,3,12.5
2026-02-19T22:00,8.1,85,0.00,3,13.6
2026-02-19T23:00,7.8,87,0.00,3,14.1
2026-02-20T00:00,7.5,89,0.00,3,14.3
2026-02-20T01:00,7.2,88,0.00,3,14.4
2026-02-20T02:00,7.0,87,0.00,3,14.8
2026-02-20T03:00,6.8,87,0.00,3,14.0
2026-02-20T04:00,6.4,82,0.00,3,14.9
2026-02-20T05:00,6.1,81,0.00,3,13.1
2026-02-20T06:00,5.8,79,0.00,3,8.9
2026-02-20T07:00,5.5,83,0.00,2,6.1
2026-02-20T08:00,5.6,87,0.00,3,5.7
2026-02-20T09:00,5.5,90,0.00,3,5.5
2026-02-20T10:00,5.9,89,0.00,3,6.1
2026-02-20T11:00,6.9,87,0.00,3,8.2
2026-02-20T12:00,8.3,82,0.00,3,10.7
2026-02-20T13:00,9.3,77,0.00,3,11.3
2026-02-20T14:00,10.7,66,0.00,3,12.4
2026-02-20T15:00,11.3,54,0.00,3,12.4
2026-02-20T16:00,11.8,59,0.00,3,12.9
2026-02-20T17:00,12.0,57,0.00,3,14.0
2026-02-20T18:00,11.8,61,0.00,3,15.2
2026-02-20T19:00,11.4,60,0.00,3,14.3
2026-02-20T20:00,10.9,65,0.00,3,13.9
2026-02-20T21:00,10.8,70,0.10,61,15.3
2026-02-20T22:00,10.5,75,0.20,80,17.8
2026-02-20T23:00,10.7,80,0.00,3,16.2
2026-02-21T00:00,10.9,80,0.00,3,14.8
2026-02-21T01:00,11.0,80,0.00,3,15.4
2026-02-21T02:00,10.8,83,0.00,3,13.5
2026-02-21T03:00,10.8,83,0.00,3,13.0
2026-02-21T04:00,10.6,85,0.00,3,12.4
2026-02-21T05:00,11.2,83,0.00,3,13.2
2026-02-21T06:00,11.3,81,0.00,3,13.4
2026-02-21T07:00,11.1,81,0.00,3,13.5
2026-02-21T08:00,11.3,81,0.00,3,11.6
2026-02-21T09:00,10.8,85,0.00,3,12.1
2026-02-21T10:00,10.8,85,0.00,3,12.4
2026-02-21T11:00,11.9,79,0.00,3,18.5
2026-02-21T12:00,12.4,74,0.00,3,17.3
2026-02-21T13:00,13.1,69,0.00,3,16.9
2026-02-21T14:00,14.7,61,0.00,3,14.1
2026-02-21T15:00,14.8,62,0.00,3,17.4
2026-02-21T16:00,15.0,62,0.00,3,15.6
2026-02-21T17:00,15.7,59,0.00,3,14.0
2026-02-21T18:00,15.4,62,0.00,3,14.1
2026-02-21T19:00,15.0,68,0.00,3,14.3
2026-02-21T20:00,13.7,77,0.00,3,14.5
2026-02-21T21:00,13.3,78,0.00,3,10.5
2026-02-21T22:00,13.1,80,0.00,3,13.3
2026-02-21T23:00,13.2,84,0.00,3,14.6
2026-02-22T00:00,13.2,85,0.00,3,14.0
2026-02-22T01:00,13.0,85,0.00,3,14.2
2026-02-22T02:00,12.7,87,0.00,3,14.0
2026-02-22T03:00,12.6,88,0.00,3,13.7
2026-02-22T04:00,12.6,86,0.00,3,11.9
2026-02-22T05:00,12.6,86,0.00,3,11.9
2026-02-22T06:00,12.5,86,0.00,3,11.4
2026-02-22T07:00,12.3,85,0.00,3,11.8
2026-02-22T08:00,12.3,86,0.00,3,12.0
2026-02-22T09:00,12.3,85,0.00,3,12.2
2026-02-22T10:00,12.4,83,0.00,3,12.2
2026-02-22T11:00,12.5,83,0.00,3,15.8
2026-02-22T12:00,12.9,79,0.00,3,15.8
2026-02-22T13:00,13.3,75,0.00,3,15.1
2026-02-22T14:00,14.0,72,0.00,3,14.1
2026-02-22T15:00,13.8,69,0.00,3,16.2
2026-02-22T16:00,13.8,69,0.00,3,16.5
2026-02-22T17:00,13.9,69,0.00,3,16.6
2026-02-22T18:00,13.4,70,0.00,3,15.7
2026-02-22T19:00,12.7,75,0.60,61,12.7
2026-02-22T20:00,12.0,77,0.10,61,13.8
2026-02-22T21:00,11.9,79,0.00,3,15.3
2026-02-22T22:00,11.7,81,0.20,61,13.8
2026-02-22T23:00,11.8,83,0.10,61,13.9
2026-02-23T00:00,11.6,84,0.00,80,15.5
2026-02-23T01:00,11.7,84,0.00,3,14.4
2026-02-23T02:00,11.6,86,0.00,3,17.7
2026-02-23T03:00,11.4,87,0.00,3,12.4
2026-02-23T04:00,11.5,86,0.00,3,15.5
2026-02-23T05:00,11.3,86,0.00,3,12.4
2026-02-23T06:00,11.1,87,0.00,3,12.1
2026-02-23T07:00,10.9,87,0.00,2,10.3
2026-02-23T08:00,10.6,88,0.00,2,7.0
2026-02-23T09:00,10.2,91,0.00,2,7.7
2026-02-23T10:00,10.6,88,0.00,2,9.3
2026-02-23T11:00,11.4,84,0.00,3,8.8
2026-02-23T12:00,12.6,74,0.00,3,12.2
2026-02-23T13:00,13.8,67,0.00,3,13.5
2026-02-23T14:00,15.3,59,0.00,3,18.3
2026-02-23T15:00,15.1,61,0.00,3,17.9
2026-02-23T16:00,15.6,60,0.00,3,15.5
2026-02-23T17:00,15.7,49,0.00,3,15.5
2026-02-23T18:00,15.3,54,0.00,3,13.7
2026-02-23T19:00,14.9,56,0.00,3,11.4
2026-02-23T20:00,14.9,56,0.00,3,9.7
2026-02-23T21:00,14.3,61,0.00,3,10.2
2026-02-23T22:00,13.8,67,0.00,3,10.9
2026-02-23T23:00,13.7,73,0.00,3,12.4
2026-02-24T00:00,13.2,77,0.00,3,12.1
2026-02-24T01:00,12.9,82,0.00,3,12.7
2026-02-24T02:00,12.7,86,0.00,3,11.1
2026-02-24T03:00,12.7,85,0.00,3,12.2
2026-02-24T04:00,12.8,84,0.00,3,9.9
2026-02-24T05:00,13.1,84,0.00,3,11.0
2026-02-24T06:00,12.7,85,0.00,3,8.3
2026-02-24T07:00,12.5,85,0.00,3,5.4
2026-02-24T08:00,12.8,85,0.00,3,5.4
2026-02-24T09:00,12.8,85,0.00,3,5.7
2026-02-24T10:00,12.7,84,0.00,3,5.4
2026-02-24T11:00,12.8,86,0.00,3,6.7
2026-02-24T12:00,13.7,80,0.00,2,7.1
2026-02-24T13:00,14.8,71,0.00,2,8.6
2026-02-24T14:00,15.2,71,0.00,2,10.1
2026-02-24T15:00,15.5,70,0.00,2,10.0
2026-02-24T16:00,15.6,67,0.00,2,9.4
2026-02-24T17:00,15.4,69,0.00,2,8.2
2026-02-24T18:00,15.1,68,0.00,2,8.9
2026-02-24T19:00,14.8,70,0.00,2,10.2
2026-02-24T20:00,14.0,73,0.00,1,10.2
2026-02-24T21:00,13.1,77,0.00,0,10.1
2026-02-24T22:00,12.4,82,0.00,0,8.6
2026-02-24T23:00,11.6,86,0.00,0,8.4
2026-02-25T00:00,11.1,87,0.00,0,7.7
2026-02-25T01:00,10.7,88,0.00,0,6.4
2026-02-25T02:00,9.9,93,0.00,0,6.7
2026-02-25T03:00,9.6,93,0.00,0,6.9
2026-02-25T04:00,9.3,94,0.00,0,5.7
2026-02-25T05:00,8.6,95,0.00,0,3.9
2026-02-25T06:00,8.4,95,0.00,1,3.5
2026-02-25T07:00,8.3,94,0.00,2,3.9
2026-02-25T08:00,8.1,92,0.00,3,5.3
2026-02-25T09:00,7.9,92,0.00,3,5.9
2026-02-25T10:00,8.3,89,0.00,1,6.4
2026-02-25T11:00,9.9,85,0.00,1,6.6
2026-02-25T12:00,11.7,78,0.00,0,6.5
2026-02-25T13:00,13.8,72,0.00,0,6.1
2026-02-25T14:00,16.3,64,0.00,1,6.9
2026-02-25T15:00,17.9,60,0.00,0,7.6
2026-02-25T16:00,19.1,58,0.00,0,8.1
2026-02-25T17:00,20.5,51,0.00,0,8.6
2026-02-25T18:00,20.7,51,0.00,0,7.8
2026-02-25T19:00,20.2,53,0.00,0,5.9
2026-02-25T20:00,18.7,57,0.00,0,4.7
2026-02-25T21:00,17.4,64,0.00,3,5.1
2026-02-25T22:00,16.4,68,0.00,2,5.0
2026-02-25T23:00,14.8,73,0.00,0,5.6
2026-02-26T00:00,14.6,71,0.00,0,4.4
2026-02-26T01:00,14.1,73,0.00,0,3.4
2026-02-26T02:00,13.7,75,0.00,0,3.8
2026-02-26T03:00,13.8,70,0.00,0,3.6
2026-02-26T04:00,12.1,77,0.00,0,3.6
2026-02-26T05:00,11.2,85,0.00,0,3.7
2026-02-26T06:00,11.3,82,0.00,0,3.8
2026-02-26T07:00,11.4,81,0.00,0,5.1
2026-02-26T08:00,10.5,85,0.00,0,4.4
2026-02-26T09:00,10.2,85,0.00,0,3.1
2026-02-26T10:00,10.6,84,0.00,0,3.9
2026-02-26T11:00,12.3,76,0.00,0,7.1
2026-02-26T12:00,13.8,73,0.00,3,7.8
2026-02-26T13:00,15.5,68,0.00,3,9.2
2026-02-26T14:00,17.1,64,0.00,1,12.3
2026-02-26T15:00,18.2,58,0.00,1,12.5
2026-02-26T16:00,19.0,52,0.00,1,13.0
2026-02-26T17:00,18.7,54,0.00,1,12.7
2026-02-26T18:00,18.1,58,0.00,3,13.2
2026-02-26T19:00,17.2,58,0.00,2,11.1
2026-02-26T20:00,16.4,61,0.00,1,9.8
2026-02-26T21:00,15.3,72,0.00,3,8.0
2026-02-26T22:00,14.4,77,0.00,2,6.6
2026-02-26T23:00,13.8,76,0.00,0,6.5
2026-02-27T00:00,13.0,78,0.00,0,5.9
2026-02-27T01:00,12.4,79,0.00,0,5.5
2026-02-27T02:00,11.6,85,0.00,0,4.7
2026-02-27T03:00,11.3,85,0.00,0,6.1
2026-02-27T04:00,10.9,85,0.00,0,5.9
2026-02-27T05:00,10.3,86,0.00,1,6.6
2026-02-27T06:00,10.1,85,0.00,2,7.4
2026-02-27T07:00,10.1,86,0.00,2,8.6
2026-02-27T08:00,9.6,89,0.00,2,7.4
2026-02-27T09:00,9.3,90,0.00,1,8.2
2026-02-27T10:00,9.7,86,0.00,1,9.7
2026-02-27T11:00,11.6,84,0.00,2,12.0
2026-02-27T12:00,13.0,76,0.00,3,12.0
2026-02-27T13:00,13.4,71,0.00,3,13.7
2026-02-27T14:00,14.8,68,0.00,3,13.2
2026-02-27T15:00,15.0,67,0.00,61,12.1
2026-02-27T16:00,15.1,63,0.10,61,13.2
2026-02-27T17:00,13.6,70,0.80,61,15.3
2026-02-27T18:00,13.6,72,0.50,61,15.1
2026-02-27T19:00,13.6,71,0.90,61,12.9
2026-02-27T20:00,13.2,78,0.70,61,10.0
2026-02-27T21:00,13.2,81,0.70,61,11.4
2026-02-27T22:00,12.9,85,0.50,61,14.0
2026-02-27T23:00,12.6,80,0.00,3,15.1
2026-02-28T00:00,12.2,72,0.00,3,17.3
2026-02-28T01:00,11.4,71,0.00,3,16.4
2026-02-28T02:00,11.3,73,0.00,3,15.9
2026-02-28T03:00,10.8,78,0.00,3,15.8
2026-02-28T04:00,10.5,77,0.00,3,16.9
2026-02-28T05:00,10.7,77,0.00,3,19.7
2026-02-28T06:00,10.3,76,0.00,3,18.0
2026-02-28T07:00,9.7,76,0.00,3,16.4
2026-02-28T08:00,9.6,76,0.00,3,18.3
2026-02-28T09:00,9.3,75,0.00,3,17.1
2026-02-28T10:00,9.3,74,0.00,2,18.4
2026-02-28T11:00,10.2,68,0.00,2,18.8
2026-02-28T12:00,10.9,61,0.00,2,23.5
2026-02-28T13:00,11.4,58,0.00,3,20.5
2026-02-28T14:00,12.3,55,0.00,3,18.2
2026-02-28T15:00,13.3,47,0.00,2,18.7
2026-02-28T16:00,13.9,43,0.00,2,16.2
2026-02-28T17:00,13.8,42,0.00,2,15.5
2026-02-28T18:00,13.4,44,0.00,1,13.9
2026-02-28T19:00,12.7,44,0.00,1,13.6
2026-02-28T20:00,11.7,48,0.00,1,8.6
2026-02-28T21:00,10.7,53,0.00,0,6.7
2026-02-28T22:00,9.9,57,0.00,0,4.3
2026-02-28T23:00,9.7,60,0.00,0,2.5
2026-03-01T00:00,9.0,66,0.00,1,3.0
2026-03-01T01:00,8.1,71,0.00,0,3.0
2026-03-01T02:00,7.9,72,0.00,1,5.2
2026-03-01T03:00,7.4,77,0.00,1,4.7
2026-03-01T04:00,7.3,78,0.00,0,3.1
2026-03-01T05:00,6.5,82,0.00,0,4.7
2026-03-01T06:00,6.2,83,0.00,0,5.2
2026-03-01T07:00,5.8,85,0.00,1,6.0
2026-03-01T08:00,5.1,91,0.00,0,7.1
2026-03-01T09:00,4.9,93,0.00,3,9.0
2026-03-01T10:00,5.1,95,0.00,3,10.0
2026-03-01T11:00,6.9,86,0.00,3,9.7
2026-03-01T12:00,8.7,80,0.00,2,10.9
2026-03-01T13:00,10.7,69,0.00,2,13.4
2026-03-01T14:00,12.1,63,0.00,3,14.2
2026-03-01T15:00,12.6,57,0.00,3,14.2
2026-03-01T16:00,13.1,54,0.00,3,13.9
2026-03-01T17:00,13.6,52,0.00,3,13.5
2026-03-01T18:00,13.4,48,0.00,3,12.4
2026-03-01T19:00,12.9,52,0.00,3,10.8
2026-03-01T20:00,12.4,59,0.00,2,8.4
2026-03-01T21:00,11.5,63,0.00,2,5.8
2026-03-01T22:00,10.6,65,0.00,2,5.0
2026-03-01T23:00,9.9,67,0.00,2,6.6
2026-03-02T00:00,9.3,70,0.00,2,6.9
2026-03-02T01:00,8.7,72,0.00,1,7.8
2026-03-02T02:00,8.5,71,0.00,2,7.9
2026-03-02T03:00,8.1,72,0.00,2,8.9
2026-03-02T04:00,7.8,72,0.00,1,7.9
2026-03-02T05:00,7.7,73,0.00,1,9.2
2026-03-02T06:00,7.2,75,0.00,1,9.8
2026-03-02T07:00,6.7,76,0.00,0,9.8
2026-03-02T08:00,6.9,75,0.00,1,9.9
2026-03-02T09:00,6.6,76,0.00,1,9.8
2026-03-02T10:00,7.1,73,0.00,2,10.5
2026-03-02T11:00,9.1,65,0.00,1,9.8
2026-03-02T12:00,10.7,59,0.00,1,9.2
2026-03-02T13:00,12.7,53,0.00,0,9.0
2026-03-02T14:00,15.5,46,0.00,1,8.4
2026-03-02T15:00,16.7,43,0.00,0,9.3
2026-03-02T16:00,17.4,41,0.00,0,10.4
2026-03-02T17:00,17.8,38,0.00,1,10.6
2026-03-02T18:00,17.7,37,0.00,2,10.4
2026-03-02T19:00,17.2,37,0.00,2,9.0
2026-03-02T20:00,15.8,43,0.00,2,5.7
2026-03-02T21:00,14.4,54,0.00,3,6.1
2026-03-02T22:00,13.4,60,0.00,3,5.4
2026-03-02T23:00,12.3,61,0.00,3,4.8
2026-03-03T00:00,11.7,61,0.00,3,4.2
2026-03-03T01:00,11.2,64,0.00,3,4.0
2026-03-03T02:00,10.2,70,0.00,3,2.6
2026-03-03T03:00,9.7,74,0.00,1,2.4
2026-03-03T04:00,9.2,76,0.00,0,2.6
2026-03-03T05:00,8.3,82,0.00,2,3.2
2026-03-03T06:00,8.1,82,0.00,3,3.9
2026-03-03T07:00,8.0,81,0.00,2,2.8
2026-03-03T08:00,7.6,85,0.00,2,3.4
2026-03-03T09:00,7.4,82,0.00,3,2.3
2026-03-03T10:00,8.0,78,0.00,2,3.6
2026-03-03T11:00,9.9,70,0.00,2,5.2
2026-03-03T12:00,11.4,65,0.00,3,2.4
2026-03-03T13:00,13.4,59,0.00,2,2.2
2026-03-03T14:00,15.8,54,0.00,1,4.3
2026-03-03T15:00,17.0,51,0.00,0,5.9
2026-03-03T16:00,17.9,49,0.00,0,6.2
2026-03-03T17:00,18.4,46,0.00,1,6.8
2026-03-03T18:00,18.3,44,0.00,2,7.9
2026-03-03T19:00,17.5,46,0.00,2,10.6
2026-03-03T20:00,16.0,50,0.00,0,7.4
2026-03-03T21:00,14.8,56,0.00,0,5.6
2026-03-03T22:00,14.1,58,0.00,0,4.0
2026-03-03T23:00,13.3,60,0.00,0,4.7
2026-03-04T00:00,12.5,64,0.00,0,3.9
2026-03-04T01:00,11.9,66,0.00,0,1.8
2026-03-04T02:00,11.1,72,0.00,1,2.5
2026-03-04T03:00,10.5,74,0.00,0,3.4
2026-03-04T04:00,9.7,76,0.00,0,1.8
2026-03-04T05:00,9.2,76,0.00,1,2.0
2026-03-04T06:00,8.3,82,0.00,0,2.5
2026-03-04T07:00,7.7,83,0.00,0,1.6
2026-03-04T08:00,8.0,82,0.00,0,2.7
2026-03-04T09:00,8.0,79,0.00,0,3.0
2026-03-04T10:00,8.6,76,0.00,0,3.1
2026-03-04T11:00,11.7,62,0.00,0,6.0
2026-03-04T12:00,13.9,56,0.00,0,7.2
2026-03-04T13:00,15.9,49,0.00,0,10.3
2026-03-04T14:00,17.9,40,0.00,0,13.9
2026-03-04T15:00,18.5,35,0.00,0,14.2
2026-03-04T16:00,18.7,30,0.00,0,13.9
2026-03-04T17:00,18.6,29,0.00,0,13.7
2026-03-04T18:00,18.1,32,0.00,0,13.0
2026-03-04T19:00,17.3,36,0.00,0,12.9
2026-03-04T20:00,15.9,44,0.00,0,7.7
2026-03-04T21:00,14.6,54,0.00,0,5.4
2026-03-04T22:00,13.7,63,0.00,0,6.2
2026-03-04T23:00,12.8,56,0.00,0,7.8
2026-03-05T00:00,11.7,57,0.00,0,4.8
2026-03-05T01:00,10.8,59,0.00,0,5.2
2026-03-05T02:00,10.7,59,0.00,0,6.1
2026-03-05T03:00,9.9,62,0.00,0,6.6
2026-03-05T04:00,9.2,67,0.00,0,5.9
2026-03-05T05:00,9.0,67,0.00,0,5.8
2026-03-05T06:00,8.6,69,0.00,0,6.5
2026-03-05T07:00,8.2,71,0.00,0,6.0
2026-03-05T08:00,8.0,71,0.00,0,7.0
2026-03-05T09:00,7.7,71,0.00,0,5.8
2026-03-05T10:00,8.4,68,0.00,0,7.1
2026-03-05T11:00,10.5,65,0.00,0,8.2
2026-03-05T12:00,12.2,60,0.00,0,6.7
2026-03-05T13:00,14.3,55,0.00,0,8.9
2026-03-05T14:00,16.3,52,0.00,1,6.5
2026-03-05T15:00,18.0,48,0.00,1,6.4
2026-03-05T16:00,18.9,45,0.00,3,7.8
2026-03-05T17:00,18.9,44,0.00,3,7.1
2026-03-05T18:00,19.0,43,0.00,1,9.5
2026-03-05T19:00,18.4,46,0.00,2,8.9
2026-03-05T20:00,17.0,50,0.00,0,7.1
2026-03-05T21:00,16.0,55,0.00,3,5.4
2026-03-05T22:00,14.8,61,0.00,1,4.1
2026-03-05T23:00,13.9,64,0.00,3,4.3
2026-03-06T00:00,13.2,68,0.00,2,3.1
2026-03-06T01:00,12.5,72,0.00,2,2.8
2026-03-06T02:00,11.8,77,0.00,3,2.7
2026-03-06T03:00,11.3,80,0.00,1,3.3
2026-03-06T04:00,10.7,83,0.00,2,3.1
2026-03-06T05:00,10.1,87,0.00,2,2.4
2026-03-06T06:00,10.1,87,0.00,3,1.6
2026-03-06T07:00,10.0,87,0.00,3,3.3
2026-03-06T08:00,10.5,84,0.00,3,3.1
2026-03-06T09:00,10.8,82,0.00,3,3.4
2026-03-06T10:00,11.4,78,0.00,3,3.1
2026-03-06T11:00,12.6,73,0.00,3,4.7
2026-03-06T12:00,13.7,68,0.00,3,4.3
2026-03-06T13:00,14.9,63,0.00,3,4.7
2026-03-06T14:00,16.0,61,0.00,3,1.3
2026-03-06T15:00,16.8,59,0.00,3,1.1
2026-03-06T16:00,17.4,58,0.10,61,3.1
2026-03-06T17:00,17.9,57,0.00,3,6.2
2026-03-06T18:00,18.0,57,0.00,3,6.1
2026-03-06T19:00,17.7,58,0.00,3,7.2
2026-03-06T20:00,16.8,61,0.00,3,5.2
2026-03-06T21:00,16.1,67,0.00,3,4.5
2026-03-06T22:00,15.6,68,0.00,3,4.3
2026-03-06T23:00,14.9,71,0.00,3,4.7
2026-03-07T00:00,14.1,77,0.00,3,4.0
2026-03-07T01:00,13.5,81,0.00,3,4.8
2026-03-07T02:00,13.0,82,0.00,3,5.1
2026-03-07T03:00,12.7,84,0.00,3,5.8
2026-03-07T04:00,12.2,85,0.00,2,5.2
2026-03-07T05:00,11.6,87,0.00,3,4.0
2026-03-07T06:00,11.2,88,0.00,3,5.4
2026-03-07T07:00,11.0,88,0.00,3,5.4
2026-03-07T08:00,10.7,89,0.00,3,5.1
2026-03-07T09:00,10.5,90,0.00,3,5.8
2026-03-07T10:00,10.8,87,0.00,3,7.6
2026-03-07T11:00,11.5,85,0.00,3,6.9
2026-03-07T12:00,12.7,79,0.00,3,6.5
2026-03-07T13:00,14.3,72,0.00,2,6.5
2026-03-07T14:00,15.8,67,0.00,1,5.8
2026-03-07T15:00,17.1,61,0.00,2,6.1
2026-03-07T16:00,18.0,59,0.00,1,7.4
2026-03-07T17:00,18.2,59,0.00,2,6.5
2026-03-07T18:00,18.0,60,0.00,3,8.1
2026-03-07T19:00,17.0,68,0.00,2,8.9
2026-03-07T20:00,15.3,72,0.00,2,9.6
2026-03-07T21:00,13.6,78,0.00,0,8.7
2026-03-07T22:00,12.3,82,0.00,1,7.4
2026-03-07T23:00,11.2,86,0.00,1,7.1
2026-03-08T00:00,10.3,90,0.00,1,6.1
2026-03-08T01:00,9.7,92,0.00,1,5.9
2026-03-08T02:00,9.1,93,0.00,45,5.2
2026-03-08T03:00,8.5,95,0.00,45,5.2
2026-03-08T04:00,7.7,100,0.00,45,5.1
2026-03-08T05:00,7.6,100,0.00,45,5.1
2026-03-08T06:00,7.5,100,0.00,45,5.5
2026-03-08T07:00,7.7,100,0.00,45,4.9
2026-03-08T08:00,8.1,97,0.00,45,4.0
2026-03-08T09:00,7.8,99,0.00,45,3.6
2026-03-08T10:00,7.6,100,0.00,45,2.7
2026-03-08T11:00,8.2,91,0.00,45,3.4
2026-03-08T12:00,9.4,84,0.00,2,3.6
2026-03-08T13:00,11.2,77,0.00,0,3.8
2026-03-08T14:00,12.8,74,0.00,1,0.7
2026-03-08T15:00,15.0,66,0.00,0,1.0
2026-03-08T16:00,16.5,60,0.00,0,3.5
2026-03-08T17:00,17.7,52,0.00,0,6.0
2026-03-08T18:00,18.0,57,0.00,0,5.4
2026-03-08T19:00,17.7,58,0.00,0,5.1
2026-03-08T20:00,16.8,62,0.00,0,2.2
2026-03-08T21:00,16.1,66,0.00,0,1.4
2026-03-08T22:00,14.9,70,0.00,0,3.0
2026-03-08T23:00,12.9,83,0.00,0,2.5
2026-03-09T00:00,12.4,87,0.00,3,1.9
2026-03-09T01:00,12.4,87,0.00,2,2.0
2026-03-09T02:00,11.6,89,0.00,1,2.3
2026-03-09T03:00,10.9,91,0.00,1,2.6
2026-03-09T04:00,10.5,91,0.00,1,3.2
2026-03-09T05:00,9.8,90,0.00,1,4.2
2026-03-09T06:00,9.5,89,0.00,1,3.8
2026-03-09T07:00,9.1,90,0.00,1,4.1
2026-03-09T08:00,9.2,86,0.00,1,5.9
2026-03-09T09:00,8.8,86,0.00,0,5.9
2026-03-09T10:00,9.3,84,0.00,0,6.8
2026-03-09T11:00,11.3,75,0.00,0,7.5
2026-03-09T12:00,13.2,68,0.00,0,7.6
2026-03-09T13:00,15.1,61,0.00,0,8.2
2026-03-09T14:00,16.8,56,0.00,1,8.3
2026-03-09T15:00,17.5,51,0.00,2,10.4
2026-03-09T16:00,17.6,50,0.00,2,9.9
2026-03-09T17:00,17.9,48,0.00,3,8.5
2026-03-09T18:00,17.8,48,0.00,3,7.2
2026-03-09T19:00,17.3,49,0.00,2,6.0
2026-03-09T20:00,16.5,53,0.00,2,4.6
2026-03-09T21:00,15.9,56,0.00,3,1.5
2026-03-09T22:00,15.5,57,0.00,3,1.6
2026-03-09T23:00,14.5,65,0.00,3,2.2
2026-03-10T00:00,14.4,64,0.00,3,3.5
2026-03-10T01:00,13.5,70,0.00,61,6.0
2026-03-10T02:00,13.0,75,0.00,3,5.4
2026-03-10T03:00,11.8,87,0.90,61,9.8
2026-03-10T04:00,11.5,89,3.50,81,2.6
2026-03-10T05:00,11.6,88,0.10,61,2.9
2026-03-10T06:00,11.6,86,0.40,61,5.0
2026-03-10T07:00,11.1,87,0.30,61,3.9
2026-03-10T08:00,10.8,89,0.20,61,3.6
2026-03-10T09:00,10.9,87,0.00,3,4.2
2026-03-10T10:00,10.5,90,0.00,80,6.9
2026-03-10T11:00,11.9,79,0.00,3,7.9
2026-03-10T12:00,13.0,71,0.00,2,7.4
2026-03-10T13:00,14.2,62,0.00,2,10.0
2026-03-10T14:00,15.8,61,0.00,2,10.2
2026-03-10T15:00,16.0,57,0.00,3,12.0
2026-03-10T16:00,16.4,51,0.00,2,10.5
2026-03-10T17:00,16.7,50,0.00,3,12.6
2026-03-10T18:00,15.9,50,0.00,3,14.5
2026-03-10T19:00,15.0,54,0.00,3,11.8
2026-03-10T20:00,14.3,56,0.00,3,9.8
2026-03-10T21:00,13.5,61,0.00,3,5.9
2026-03-10T22:00,13.0,65,0.00,3,6.4
2026-03-10T23:00,12.7,67,0.00,3,8.4
2026-03-11T00:00,12.3,68,0.00,3,8.9
2026-03-11T01:00,11.9,73,0.00,61,9.5
2026-03-11T02:00,11.7,76,0.00,3,10.5
2026-03-11T03:00,11.4,80,0.00,3,11.6
2026-03-11T04:00,11.1,81,0.00,3,13.2
2026-03-11T05:00,11.1,83,0.00,3,16.8
2026-03-11T06:00,11.0,81,0.00,3,15.0
2026-03-11T07:00,10.8,80,0.40,61,16.1
2026-03-11T08:00,10.7,81,0.50,61,17.5
2026-03-11T09:00,10.5,84,1.40,61,18.6
2026-03-11T10:00,10.4,83,1.00,61,17.9
2026-03-11T11:00,10.4,83,0.50,61,19.0
2026-03-11T12:00,11.0,82,0.40,61,17.5
2026-03-11T13:00,11.2,84,1.40,61,16.4
2026-03-11T14:00,12.2,76,0.70,80,12.2
2026-03-11T15:00,13.2,64,0.00,3,15.0
2026-03-11T16:00,13.0,55,0.00,61,15.0
2026-03-11T17:00,13.8,53,0.00,3,17.1
2026-03-11T18:00,13.7,47,0.00,2,17.2
2026-03-11T19:00,13.0,50,0.00,1,17.4
2026-03-11T20:00,11.7,52,0.00,0,15.6
2026-03-11T21:00,10.7,60,0.00,0,10.0
2026-03-11T22:00,10.0,67,0.00,0,8.5
2026-03-11T23:00,9.1,69,0.00,0,6.2
2026-03-12T00:00,8.5,71,0.00,1,6.6
2026-03-12T01:00,8.2,75,0.00,2,6.3
2026-03-12T02:00,7.4,78,0.00,0,8.2
2026-03-12T03:00,7.0,79,0.00,1,7.2
2026-03-12T04:00,6.7,77,0.00,0,4.7
2026-03-12T05:00,6.3,78,0.00,0,5.4
2026-03-12T06:00,6.0,79,0.00,0,5.8
2026-03-12T07:00,5.5,81,0.00,0,4.3
2026-03-12T08:00,5.5,84,0.00,2,6.2
2026-03-12T09:00,5.4,84,0.00,1,8.0
2026-03-12T10:00,6.2,78,0.00,2,9.7
2026-03-12T11:00,7.8,74,0.00,1,11.2
2026-03-12T12:00,9.8,64,0.00,1,13.4
2026-03-12T13:00,11.6,65,0.00,2,14.3
2026-03-12T14:00,12.8,53,0.00,3,17.0
2026-03-12T15:00,13.0,53,0.00,3,14.6
2026-03-12T16:00,13.5,54,0.00,2,16.7
2026-03-12T17:00,13.0,49,0.00,3,16.4
2026-03-12T18:00,13.0,54,0.00,3,16.2
2026-03-12T19:00,12.8,59,0.00,2,14.8
2026-03-12T20:00,12.1,65,0.00,2,16.8
2026-03-12T21:00,11.3,70,0.00,3,15.9
2026-03-12T22:00,11.0,71,0.00,3,15.7
2026-03-12T23:00,10.8,72,0.00,2,15.8
2026-03-13T00:00,10.5,74,0.00,1,14.8
2026-03-13T01:00,10.3,74,0.00,2,16.5
2026-03-13T02:00,10.0,81,0.00,2,15.6
2026-03-13T03:00,9.8,82,0.00,3,15.2
2026-03-13T04:00,10.0,82,0.00,2,18.1
2026-03-13T05:00,10.4,83,0.00,3,19.8
2026-03-13T06:00,10.6,82,0.00,3,20.0
2026-03-13T07:00,10.7,83,0.00,3,22.8
2026-03-13T08:00,11.0,84,0.00,3,23.8
2026-03-13T09:00,11.3,83,0.00,61,23.1
2026-03-13T10:00,11.5,83,0.00,61,23.0
2026-03-13T11:00,11.6,83,0.20,61,23.9
2026-03-13T12:00,12.5,78,0.10,61,27.3
2026-03-13T13:00,10.9,80,3.10,63,10.1
2026-03-13T14:00,9.4,71,1.90,61,14.2
2026-03-13T15:00,8.6,74,1.00,61,14.3
2026-03-13T16:00,8.4,78,1.20,61,4.7
2026-03-13T17:00,8.1,83,1.60,61,3.0
2026-03-13T18:00,8.2,84,2.50,61,3.9
2026-03-13T19:00,8.1,78,2.30,61,8.5
2026-03-13T20:00,7.4,75,0.80,61,8.7
2026-03-13T21:00,7.2,77,0.00,61,6.9
2026-03-13T22:00,7.2,78,0.00,3,7.4
2026-03-13T23:00,7.0,83,0.00,3,9.4
2026-03-14T00:00,6.9,82,0.00,61,13.4
2026-03-14T01:00,6.2,79,1.40,61,9.7
2026-03-14T02:00,4.9,83,0.60,61,21.9
2026-03-14T03:00,3.4,86,0.70,55,12.2
2026-03-14T04:00,3.9,85,0.00,3,13.8
2026-03-14T05:00,3.8,86,0.00,2,11.2
2026-03-14T06:00,3.7,86,0.00,61,11.9
2026-03-14T07:00,3.5,86,0.00,3,11.2
2026-03-14T08:00,3.5,86,0.00,2,11.5
2026-03-14T09:00,3.4,87,0.00,3,11.6
2026-03-14T10:00,4.2,79,0.00,3,13.7
2026-03-14T11:00,5.4,77,0.10,80,10.1
2026-03-14T12:00,7.2,63,0.00,2,13.4
2026-03-14T13:00,8.4,60,0.00,2,14.0
2026-03-14T14:00,8.9,58,0.00,3,13.6
2026-03-14T15:00,9.1,59,0.10,80,11.7
2026-03-14T16:00,9.3,57,0.20,80,9.5
2026-03-14T17:00,9.9,55,0.10,80,10.9
2026-03-14T18:00,10.3,46,0.00,1,11.0
2026-03-14T19:00,9.9,49,0.00,0,10.5
2026-03-14T20:00,9.4,51,0.00,0,11.4
2026-03-14T21:00,8.5,57,0.00,0,10.0
2026-03-14T22:00,7.3,64,0.00,0,8.1
2026-03-14T23:00,6.4,69,0.00,0,10.8
2026-03-15T00:00,4.9,76,0.00,0,10.1
2026-03-15T01:00,4.6,77,0.00,1,5.6
2026-03-15T02:00,4.2,78,0.00,0,5.8
2026-03-15T03:00,3.8,81,0.00,0,6.4
2026-03-15T04:00,3.6,83,0.00,0,5.9
2026-03-15T05:00,2.8,84,0.00,0,4.3
2026-03-15T06:00,2.6,85,0.00,0,3.4
2026-03-15T07:00,2.4,87,0.00,0,2.9
2026-03-15T08:00,2.0,89,0.00,1,2.2
2026-03-15T09:00,2.1,90,0.00,3,2.2
2026-03-15T10:00,3.5,85,0.00,0,1.8
2026-03-15T11:00,6.3,75,0.00,0,1.1
2026-03-15T12:00,8.2,64,0.00,0,1.5
2026-03-15T13:00,9.9,55,0.00,0,3.0
2026-03-15T14:00,11.3,53,0.00,1,5.6
2026-03-15T15:00,12.4,41,0.00,1,7.8
2026-03-15T16:00,12.9,37,0.00,1,8.9
2026-03-15T17:00,13.4,38,0.00,1,11.0
2026-03-15T18:00,13.2,39,0.00,1,11.5
2026-03-15T19:00,12.6,43,0.00,2,12.8
2026-03-15T20:00,11.8,43,0.00,3,13.3
2026-03-15T21:00,10.8,50,0.00,3,10.8
2026-03-15T22:00,9.9,55,0.00,3,10.3
2026-03-15T23:00,9.8,53,0.00,3,12.4
2026-03-16T00:00,9.7,56,0.00,3,16.1
2026-03-16T01:00,9.3,65,0.00,3,17.1
2026-03-16T02:00,9.7,72,0.00,80,15.6
2026-03-16T03:00,9.4,75,0.00,3,14.0
2026-03-16T04:00,9.3,74,0.00,3,14.4
2026-03-16T05:00,9.0,81,0.00,3,11.8
2026-03-16T06:00,8.6,76,0.00,3,11.2
2026-03-16T07:00,8.2,78,0.00,3,11.3
2026-03-16T08:00,8.3,78,0.00,3,12.1
2026-03-16T09:00,8.2,79,0.00,3,11.4
2026-03-16T10:00,8.7,77,0.00,3,11.6
2026-03-16T11:00,10.0,71,0.00,3,13.4
2026-03-16T12:00,10.8,61,0.00,3,13.8
2026-03-16T13:00,11.3,59,0.00,3,14.5
2026-03-16T14:00,12.5,57,0.00,3,13.3
2026-03-16T15:00,12.8,51,0.00,3,11.9
2026-03-16T16:00,13.2,49,0.00,3,11.7
2026-03-16T17:00,12.4,54,0.00,61,10.7
2026-03-16T18:00,12.3,55,0.00,3,11.5
2026-03-16T19:00,12.0,60,0.00,3,12.2
2026-03-16T20:00,11.9,60,0.00,2,8.1
2026-03-16T21:00,11.5,65,0.00,3,5.2
2026-03-16T22:00,11.2,67,0.00,3,6.1
2026-03-16T23:00,11.0,67,0.00,2,5.9
2026-03-17T00:00,10.5,70,0.00,2,4.4
2026-03-17T01:00,10.2,72,0.00,3,4.5
2026-03-17T02:00,10.0,73,0.00,3,5.4
2026-03-17T03:00,9.7,71,0.00,3,5.8
2026-03-17T04:00,9.3,72,0.00,2,5.8
2026-03-17T05:00,7.8,80,0.00,2,4.3
2026-03-17T06:00,7.6,78,0.00,2,4.2
2026-03-17T07:00,7.2,78,0.00,1,5.1
2026-03-17T08:00,6.2,86,0.00,1,6.1
2026-03-17T09:00,6.2,86,0.00,0,7.0
2026-03-17T10:00,7.2,80,0.00,1,7.4
2026-03-17T11:00,9.9,73,0.00,2,8.1
2026-03-17T12:00,11.6,65,0.00,0,8.9
2026-03-17T13:00,13.5,57,0.00,3,9.6
2026-03-17T14:00,15.2,51,0.00,0,10.8
2026-03-17T15:00,16.2,48,0.00,0,10.4
2026-03-17T16:00,16.8,46,0.00,0,11.1
2026-03-17T17:00,17.3,45,0.00,0,11.5
2026-03-17T18:00,17.1,46,0.00,0,11.0
2026-03-17T19:00,16.7,48,0.00,0,11.5
2026-03-17T20:00,15.5,52,0.00,1,10.3
2026-03-17T21:00,14.4,59,0.00,1,7.2
2026-03-17T22:00,13.4,62,0.00,1,8.4
2026-03-17T23:00,12.4,66,0.00,0,9.0
2026-03-18T00:00,11.6,69,0.00,0,8.0
2026-03-18T01:00,10.9,72,0.00,0,8.0
2026-03-18T02:00,10.7,75,0.00,0,9.5
2026-03-18T03:00,10.1,75,0.00,0,9.4
2026-03-18T04:00,9.5,75,0.00,0,8.4
2026-03-18T05:00,9.2,72,0.00,0,9.9
2026-03-18T06:00,8.7,71,0.00,0,9.2
2026-03-18T07:00,8.3,74,0.00,0,7.4
2026-03-18T08:00,8.0,75,0.00,0,9.4
2026-03-18T09:00,8.1,73,0.00,0,10.5
2026-03-18T10:00,8.8,69,0.00,0,10.4
2026-03-18T11:00,11.2,51,0.00,0,14.0
2026-03-18T12:00,12.8,37,0.00,0,16.2
2026-03-18T13:00,13.9,29,0.00,0,17.3
2026-03-18T14:00,15.1,27,0.00,0,18.1
2026-03-18T15:00,15.9,26,0.00,0,19.7
2026-03-18T16:00,16.0,27,0.00,0,19.1
2026-03-18T17:00,16.5,29,0.00,0,20.3
2026-03-18T18:00,16.4,31,0.00,0,19.5
2026-03-18T19:00,15.6,34,0.00,0,18.5
2026-03-18T20:00,14.7,37,0.00,0,15.1
2026-03-18T21:00,13.7,42,0.00,0,15.0
2026-03-18T22:00,12.7,48,0.00,0,15.3
2026-03-18T23:00,11.8,48,0.00,0,13.2
2026-03-19T00:00,11.1,52,0.00,0,12.0
2026-03-19T01:00,10.6,55,0.00,0,13.0
2026-03-19T02:00,10.2,57,0.00,0,11.6
2026-03-19T03:00,9.4,61,0.00,0,10.3
2026-03-19T04:00,8.9,64,0.00,0,8.9
2026-03-19T05:00,8.1,66,0.00,0,8.3
2026-03-19T06:00,7.5,69,0.00,0,8.5
2026-03-19T07:00,7.1,71,0.00,0,8.4
2026-03-19T08:00,6.8,69,0.00,0,9.4
2026-03-19T09:00,7.0,67,0.00,0,10.4
2026-03-19T10:00,7.9,64,0.00,0,9.8
2026-03-19T11:00,10.2,57,0.00,0,10.8
2026-03-19T12:00,11.9,52,0.00,0,11.3
2026-03-19T13:00,13.6,48,0.00,0,12.2
2026-03-19T14:00,15.5,46,0.00,0,12.1
2026-03-19T15:00,16.5,43,0.00,0,11.8
2026-03-19T16:00,17.6,39,0.00,0,13.1
2026-03-19T17:00,18.2,33,0.00,0,14.7
2026-03-19T18:00,18.0,32,0.00,0,14.5
2026-03-19T19:00,17.4,32,0.00,2,14.4
2026-03-19T20:00,16.3,33,0.00,1,10.9
2026-03-19T21:00,15.1,39,0.00,0,7.7
2026-03-19T22:00,13.4,50,0.00,0,8.1
2026-03-19T23:00,12.3,50,0.00,0,10.4
2026-03-20T00:00,11.4,53,0.00,0,9.7
2026-03-20T01:00,10.7,55,0.00,2,8.9
2026-03-20T02:00,9.7,57,0.00,2,6.3
2026-03-20T03:00,9.0,60,0.00,2,4.3
2026-03-20T04:00,8.0,64,0.00,2,4.5
2026-03-20T05:00,7.2,67,0.00,1,4.8
2026-03-20T06:00,6.8,67,0.00,0,4.7
2026-03-20T07:00,6.5,67,0.00,3,4.3
2026-03-20T08:00,6.1,72,0.00,3,3.9
2026-03-20T09:00,6.4,70,0.00,1,4.0
2026-03-20T10:00,7.7,64,0.00,0,5.4
2026-03-20T11:00,10.1,59,0.00,0,6.5
2026-03-20T12:00,12.1,52,0.00,1,6.9
2026-03-20T13:00,14.4,43,0.00,1,6.9
2026-03-20T14:00,16.3,38,0.00,0,9.5
2026-03-20T15:00,17.3,33,0.00,1,10.6
2026-03-20T16:00,17.6,33,0.00,0,11.0
2026-03-20T17:00,17.9,32,0.00,0,11.0
2026-03-20T18:00,17.6,31,0.00,0,11.4
2026-03-20T19:00,17.0,31,0.00,0,11.0
2026-03-20T20:00,15.9,32,0.00,0,9.7
2026-03-20T21:00,15.0,36,0.00,0,5.9
2026-03-20T22:00,13.5,49,0.00,0,8.6
2026-03-20T23:00,11.8,57,0.00,3,9.9
2026-03-21T00:00,11.0,65,0.00,3,9.0
2026-03-21T01:00,10.4,67,0.00,2,8.4
2026-03-21T02:00,10.0,67,0.00,2,6.8
2026-03-21T03:00,9.6,67,0.00,3,6.5
2026-03-21T04:00,8.9,69,0.00,1,6.9
2026-03-21T05:00,8.0,76,0.00,1,8.0
2026-03-21T06:00,7.6,77,0.00,2,7.7
2026-03-21T07:00,7.1,79,0.00,1,8.0
2026-03-21T08:00,6.7,81,0.00,0,7.3
2026-03-21T09:00,6.6,81,0.00,1,8.4
2026-03-21T10:00,7.2,77,0.00,1,9.4
2026-03-21T11:00,9.3,72,0.00,1,8.7
2026-03-21T12:00,11.3,64,0.00,0,7.3
2026-03-21T13:00,13.3,56,0.00,0,7.9
2026-03-21T14:00,15.2,50,0.00,1,7.7
2026-03-21T15:00,16.4,46,0.00,2,7.6
2026-03-21T16:00,17.2,43,0.00,2,8.6
2026-03-21T17:00,17.2,39,0.00,3,8.9
2026-03-21T18:00,16.7,42,0.00,2,13.8
2026-03-21T19:00,15.9,45,0.00,1,14.0
2026-03-21T20:00,14.4,48,0.00,0,14.0
2026-03-21T21:00,13.1,52,0.00,0,12.8
2026-03-21T22:00,11.9,58,0.00,0,10.2
2026-03-21T23:00,10.8,62,0.00,0,8.7
2026-03-22T00:00,10.0,66,0.00,1,8.7
2026-03-22T01:00,9.2,70,0.00,1,8.0
2026-03-22T02:00,8.5,75,0.00,0,9.1
2026-03-22T03:00,7.9,77,0.00,1,10.0
2026-03-22T04:00,7.2,79,0.00,2,8.8
2026-03-22T05:00,6.8,80,0.00,2,7.9
2026-03-22T06:00,6.3,81,0.00,2,7.9
2026-03-22T07:00,6.1,81,0.00,3,8.6
2026-03-22T08:00,5.6,82,0.00,2,8.0
2026-03-22T09:00,5.6,81,0.00,1,7.7
2026-03-22T10:00,6.6,76,0.00,3,7.6
2026-03-22T11:00,9.2,67,0.00,1,7.2
2026-03-22T12:00,11.2,59,0.00,0,8.6
2026-03-22T13:00,13.2,52,0.00,1,10.2
2026-03-22T14:00,14.2,49,0.00,3,12.1
2026-03-22T15:00,15.2,41,0.00,2,13.0
2026-03-22T16:00,15.3,43,0.00,2,13.1
2026-03-22T17:00,15.5,42,0.00,2,12.1
2026-03-22T18:00,15.6,39,0.00,2,9.8
2026-03-22T19:00,15.3,39,0.00,2,8.2
2026-03-22T20:00,13.5,49,0.00,2,11.4
2026-03-22T21:00,12.7,55,0.00,0,9.3
2026-03-22T22:00,11.6,61,0.00,1,8.6
2026-03-22T23:00,10.9,61,0.00,1,7.7
2026-03-23T00:00,10.2,67,0.00,0,7.4
2026-03-23T01:00,9.7,70,0.00,0,7.4
2026-03-23T02:00,9.2,70,0.00,0,6.9
2026-03-23T03:00,8.6,73,0.00,0,6.6
2026-03-23T04:00,7.7,79,0.00,3,6.6
2026-03-23T05:00,7.3,80,0.00,3,6.6
2026-03-23T06:00,7.0,82,0.00,3,5.6
2026-03-23T07:00,6.8,83,0.00,2,5.4
2026-03-23T08:00,6.5,84,0.00,2,6.1
2026-03-23T09:00,7.0,82,0.00,3,7.2
2026-03-23T10:00,8.1,78,0.00,0,6.4
2026-03-23T11:00,10.0,72,0.00,0,7.2
2026-03-23T12:00,11.8,64,0.00,1,8.1
2026-03-23T13:00,13.7,58,0.00,1,8.2
2026-03-23T14:00,15.7,42,0.00,2,8.1
2026-03-23T15:00,16.3,41,0.00,3,5.5
2026-03-23T16:00,16.8,39,0.00,3,7.2
2026-03-23T17:00,16.8,36,0.00,1,8.0
2026-03-23T18:00,16.7,35,0.00,2,8.0
2026-03-23T19:00,16.3,37,0.00,1,7.6
2026-03-23T20:00,15.7,41,0.00,2,8.6
2026-03-23T21:00,14.8,42,0.00,3,6.8
2026-03-23T22:00,13.9,46,0.00,3,4.3
2026-03-23T23:00,12.5,53,0.00,2,1.4
2026-03-24T00:00,12.1,54,0.00,3,1.8
2026-03-24T01:00,11.6,55,0.00,2,1.1
2026-03-24T02:00,10.2,68,0.00,2,2.2
2026-03-24T03:00,9.6,75,0.00,3,2.7
2026-03-24T04:00,9.2,76,0.00,2,3.0
2026-03-24T05:00,8.8,76,0.00,2,3.2
2026-03-24T06:00,8.6,75,0.00,3,1.8
2026-03-24T07:00,8.4,75,0.00,2,1.1
2026-03-24T08:00,8.1,79,0.00,3,3.7
2026-03-24T09:00,8.4,76,0.00,3,3.4
2026-03-24T10:00,9.9,69,0.00,3,3.0
2026-03-24T11:00,12.8,58,0.00,2,6.4
2026-03-24T12:00,14.4,55,0.00,2,8.5
2026-03-24T13:00,16.3,51,0.00,3,11.2
2026-03-24T14:00,18.0,38,0.00,3,12.5
2026-03-24T15:00,18.5,42,0.00,3,14.3
2026-03-24T16:00,18.5,36,0.00,3,15.3
2026-03-24T17:00,18.4,38,0.00,3,15.8
2026-03-24T18:00,17.7,40,0.00,3,15.5
2026-03-24T19:00,17.1,45,0.00,3,15.3
2026-03-24T20:00,16.4,43,0.00,3,15.4
2026-03-24T21:00,15.6,45,0.00,2,14.6
2026-03-24T22:00,14.5,52,0.00,3,14.5
2026-03-24T23:00,14.2,51,0.00,0,17.7
2026-03-25T00:00,13.0,50,0.00,0,20.6
2026-03-25T01:00,11.8,53,0.00,0,19.3
2026-03-25T02:00,11.3,56,0.00,3,19.3
2026-03-25T03:00,10.4,71,0.00,3,19.4
2026-03-25T04:00,10.5,74,0.00,3,18.5
2026-03-25T05:00,11.1,75,0.00,3,17.9
2026-03-25T06:00,10.9,76,0.00,61,18.3
2026-03-25T07:00,10.5,70,0.30,61,18.1
2026-03-25T08:00,9.5,73,0.00,3,17.1
2026-03-25T09:00,8.7,64,0.40,61,22.4
2026-03-25T10:00,8.8,60,0.00,3,23.0
2026-03-25T11:00,7.9,72,0.30,80,23.1
2026-03-25T12:00,8.4,67,0.80,80,21.1
2026-03-25T13:00,9.0,63,0.00,3,24.7
2026-03-25T14:00,9.7,58,0.00,80,23.6
2026-03-25T15:00,8.4,68,1.20,61,25.4
2026-03-25T16:00,8.6,66,0.70,80,18.5
2026-03-25T17:00,8.8,60,0.00,2,18.7
2026-03-25T18:00,9.3,50,0.00,80,18.6
2026-03-25T19:00,9.2,46,0.00,2,22.0
2026-03-25T20:00,8.1,51,0.00,1,19.4
2026-03-25T21:00,5.0,76,0.90,61,17.1
2026-03-25T22:00,5.1,74,0.00,2,12.2
2026-03-25T23:00,5.0,76,0.20,80,15.9
2026-03-26T00:00,5.1,76,0.10,80,16.6
2026-03-26T01:00,5.1,79,0.10,80,8.9
2026-03-26T02:00,5.0,75,0.00,80,11.6
2026-03-26T03:00,4.7,76,0.00,1,11.5
2026-03-26T04:00,4.3,77,0.00,1,10.9
2026-03-26T05:00,3.8,74,0.00,1,12.2
2026-03-26T06:00,3.5,76,0.00,2,11.1
2026-03-26T07:00,3.5,79,0.00,1,10.5
2026-03-26T08:00,3.8,79,0.00,2,10.3
2026-03-26T09:00,4.2,80,0.00,2,8.7
2026-03-26T10:00,5.1,76,0.00,1,10.4
2026-03-26T11:00,6.9,66,0.00,2,12.4
2026-03-26T12:00,8.1,59,0.00,2,12.0
2026-03-26T13:00,8.4,57,0.00,3,9.2
2026-03-26T14:00,8.3,59,0.90,61,12.0
2026-03-26T15:00,8.5,59,0.20,61,10.2
2026-03-26T16:00,9.4,61,0.20,61,7.0
2026-03-26T17:00,10.4,42,0.00,2,15.3
2026-03-26T18:00,10.1,41,0.30,61,15.8
2026-03-26T19:00,9.4,41,0.00,2,16.4
2026-03-26T20:00,8.3,42,0.00,2,15.7
2026-03-26T21:00,7.3,46,0.00,2,12.6
2026-03-26T22:00,6.5,51,0.00,2,10.9
2026-03-26T23:00,5.8,61,0.00,1,7.3
2026-03-27T00:00,5.2,66,0.00,2,5.2
2026-03-27T01:00,4.6,69,0.00,1,3.7
2026-03-27T02:00,3.9,71,0.00,1,1.5
2026-03-27T03:00,3.7,72,0.00,1,1.8
2026-03-27T04:00,3.5,74,0.00,2,0.8
2026-03-27T05:00,3.1,75,0.00,1,1.3
2026-03-27T06:00,3.0,76,0.00,1,0.8
2026-03-27T07:00,2.7,77,0.00,0,1.0
2026-03-27T08:00,3.5,74,0.00,1,1.5
2026-03-27T09:00,3.8,73,0.00,2,1.3
2026-03-27T10:00,5.2,69,0.00,2,2.6
2026-03-27T11:00,6.8,65,0.00,2,4.5
2026-03-27T12:00,8.0,60,0.00,3,7.3
2026-03-27T13:00,9.3,52,0.00,3,8.3
2026-03-27T14:00,10.3,41,0.00,2,9.7
2026-03-27T15:00,10.6,45,0.00,3,8.0
2026-03-27T16:00,10.6,50,0.00,3,8.0
2026-03-27T17:00,11.3,48,0.00,3,8.2
2026-03-27T18:00,11.5,50,0.00,3,7.5
2026-03-27T19:00,11.5,51,0.00,3,7.8
2026-03-27T20:00,10.8,52,0.00,3,8.8
2026-03-27T21:00,10.2,57,0.00,3,9.7
2026-03-27T22:00,9.8,58,0.00,3,8.6
2026-03-27T23:00,9.5,64,0.00,61,8.6
2026-03-28T00:00,9.2,68,0.30,61,7.8
2026-03-28T01:00,9.0,73,0.10,61,7.0
2026-03-28T02:00,8.7,82,0.10,61,7.5
2026-03-28T03:00,8.7,87,1.30,61,7.8
2026-03-28T04:00,9.1,88,1.60,61,7.7
2026-03-28T05:00,9.0,90,1.20,61,7.9
2026-03-28T06:00,9.3,91,2.20,61,9.5
2026-03-28T07:00,9.2,81,1.70,61,15.1
2026-03-28T08:00,8.2,80,1.10,61,13.2
2026-03-28T09:00,8.2,77,0.00,3,11.3
2026-03-28T10:00,8.7,73,0.00,2,11.4
2026-03-28T11:00,9.1,71,0.00,2,15.4
2026-03-28T12:00,9.8,52,0.00,2,17.4
2026-03-28T13:00,10.7,43,0.00,1,19.8
2026-03-28T14:00,11.4,45,0.00,2,18.2
2026-03-28T15:00,11.6,40,0.00,2,18.2
2026-03-28T16:00,11.7,36,0.00,2,17.7
2026-03-28T17:00,11.6,41,0.00,2,18.6
2026-03-28T18:00,11.0,38,0.00,80,17.4
2026-03-28T19:00,10.4,43,0.00,1,15.0
2026-03-28T20:00,9.6,43,0.00,0,13.6
2026-03-28T21:00,8.8,49,0.00,0,12.2
2026-03-28T22:00,8.1,54,0.00,3,10.6
2026-03-28T23:00,5.5,76,0.00,1,4.9
2026-03-29T00:00,5.4,76,0.10,80,7.1
2026-03-29T01:00,5.4,75,0.10,80,7.6
2026-03-29T02:00,5.0,75,0.00,2,9.2
2026-03-29T03:00,4.8,77,0.00,80,10.2
2026-03-29T04:00,4.7,79,0.00,0,9.0
2026-03-29T05:00,4.3,76,0.00,1,8.8
2026-03-29T06:00,4.1,76,0.00,2,8.8
2026-03-29T07:00,3.9,77,0.00,1,8.7
2026-03-29T08:00,3.7,78,0.00,0,7.7
2026-03-29T09:00,4.0,78,0.00,0,7.4
2026-03-29T10:00,5.2,73,0.00,0,7.9
2026-03-29T11:00,7.2,68,0.00,0,7.6
2026-03-29T12:00,8.6,62,0.00,2,8.2
2026-03-29T13:00,9.9,50,0.00,2,8.7
2026-03-29T14:00,11.0,43,0.00,1,7.1
2026-03-29T15:00,11.7,40,0.00,2,10.2
2026-03-29T16:00,12.6,34,0.00,2,9.5
2026-03-29T17:00,13.1,32,0.00,3,14.0
2026-03-29T18:00,12.5,43,0.00,3,13.7
2026-03-29T19:00,11.8,40,0.00,3,12.4
2026-03-29T20:00,11.3,42,0.00,3,10.8
2026-03-29T21:00,10.9,43,0.00,3,8.7
2026-03-29T22:00,10.2,49,0.00,3,14.1
2026-03-29T23:00,9.9,55,0.00,61,13.3
2026-03-30T00:00,9.6,55,0.00,3,14.0
2026-03-30T01:00,9.2,63,0.20,61,14.3
2026-03-30T02:00,9.4,64,0.30,61,16.6
2026-03-30T03:00,9.3,68,0.00,3,15.9
2026-03-30T04:00,9.2,72,0.00,3,13.8
2026-03-30T05:00,9.1,80,0.00,3,13.8
2026-03-30T06:00,9.2,83,0.00,3,14.0
2026-03-30T07:00,9.2,85,0.00,3,10.8
2026-03-30T08:00,9.1,83,0.00,2,11.8
2026-03-30T09:00,9.4,83,0.00,2,11.2
2026-03-30T10:00,10.3,69,0.00,3,15.7
2026-03-30T11:00,11.3,66,0.00,3,18.0
2026-03-30T12:00,12.4,53,0.00,3,21.0
2026-03-30T13:00,12.5,48,0.00,3,18.3
2026-03-30T14:00,13.1,42,0.00,2,17.7
2026-03-30T15:00,13.0,46,0.00,3,15.8
2026-03-30T16:00,12.8,43,0.00,61,22.4
2026-03-30T17:00,12.9,43,0.00,2,22.6
2026-03-30T18:00,12.8,43,0.00,2,20.9
2026-03-30T19:00,12.0,46,0.00,2,19.6
2026-03-30T20:00,11.6,52,0.00,3,19.0
2026-03-30T21:00,10.9,55,0.00,2,17.1
2026-03-30T22:00,10.2,62,0.00,2,14.8
2026-03-30T23:00,9.5,67,0.00,2,12.6
2026-03-31T00:00,9.2,69,0.00,2,10.3
2026-03-31T01:00,8.8,72,0.00,2,8.0
2026-03-31T02:00,8.2,78,0.00,3,6.6
2026-03-31T03:00,7.9,79,0.00,2,7.2
2026-03-31T04:00,7.5,78,0.00,3,8.7
2026-03-31T05:00,7.4,78,0.00,3,8.0
2026-03-31T06:00,7.3,79,0.00,3,9.3
2026-03-31T07:00,7.2,77,0.00,3,8.4
2026-03-31T08:00,7.3,77,0.00,3,8.1
2026-03-31T09:00,7.5,76,0.00,3,6.5
2026-03-31T10:00,8.2,73,0.00,3,7.5
2026-03-31T11:00,9.2,71,0.00,3,7.7
2026-03-31T12:00,10.2,65,0.00,3,8.2
2026-03-31T13:00,10.4,67,0.00,61,12.0
2026-03-31T14:00,11.0,64,0.10,61,9.2
2026-03-31T15:00,11.4,65,0.20,61,11.3
2026-03-31T16:00,11.5,66,0.00,61,14.0
2026-03-31T17:00,11.4,72,0.00,61,9.7
2026-03-31T18:00,11.3,66,0.00,3,10.8
2026-03-31T19:00,11.4,73,0.00,3,9.4
2026-03-31T20:00,10.7,76,0.00,3,6.2
2026-03-31T21:00,10.7,77,0.00,3,5.1
2026-03-31T22:00,10.7,78,0.00,3,4.7
2026-03-31T23:00,10.4,80,0.00,3,3.3
2026-04-01T00:00,10.4,85,0.00,3,3.6
2026-04-01T01:00,10.4,86,0.00,3,4.3
2026-04-01T02:00,10.3,88,0.00,61,4.4
2026-04-01T03:00,10.2,88,0.00,3,4.6
2026-04-01T04:00,10.0,90,0.00,3,5.4
2026-04-01T05:00,9.9,90,0.00,3,5.3
2026-04-01T06:00,10.0,90,0.00,3,4.3
2026-04-01T07:00,10.0,90,0.00,3,4.6
2026-04-01T08:00,10.2,89,0.00,3,2.8
2026-04-01T09:00,10.5,88,0.00,3,5.0
2026-04-01T10:00,10.6,88,0.00,3,5.9
2026-04-01T11:00,10.9,89,0.00,61,4.9
2026-04-01T12:00,11.2,86,0.00,3,4.9
2026-04-01T13:00,11.2,87,0.50,61,2.9
2026-04-01T14:00,11.3,84,0.40,61,1.4
2026-04-01T15:00,11.9,78,0.00,3,1.9
2026-04-01T16:00,12.2,80,0.00,3,6.7
2026-04-01T17:00,11.3,84,0.60,61,0.0
2026-04-01T18:00,11.5,82,0.00,61,1.1
2026-04-01T19:00,11.3,84,0.40,61,0.4
2026-04-01T20:00,10.9,80,0.20,61,3.4
2026-04-01T21:00,10.8,79,0.00,80,4.0
2026-04-01T22:00,10.4,79,0.00,3,6.2
2026-04-01T23:00,10.1,80,0.00,3,2.5
2026-04-02T00:00,10.0,82,0.10,61,3.1
2026-04-02T01:00,9.8,86,0.40,61,1.3
2026-04-02T02:00,9.7,86,0.10,61,3.8
2026-04-02T03:00,9.7,83,0.00,3,0.0
2026-04-02T04:00,9.6,83,0.00,3,1.1
2026-04-02T05:00,9.4,89,0.00,3,1.5
2026-04-02T06:00,9.4,87,0.00,3,2.2
2026-04-02T07:00,9.4,88,0.00,3,0.7
2026-04-02T08:00,9.1,78,0.00,3,2.9
2026-04-02T09:00,9.0,87,0.00,3,4.5
2026-04-02T10:00,9.5,89,0.00,3,5.1
2026-04-02T11:00,10.4,84,0.00,3,5.7
2026-04-02T12:00,11.3,76,0.00,3,7.2
2026-04-02T13:00,12.5,70,0.00,3,7.3
2026-04-02T14:00,13.6,62,0.00,3,7.9
2026-04-02T15:00,14.0,59,0.00,3,8.2
2026-04-02T16:00,14.4,59,0.00,3,9.9
2026-04-02T17:00,14.1,62,0.00,80,8.9
2026-04-02T18:00,14.0,63,0.00,3,10.1
2026-04-02T19:00,13.4,63,0.00,3,10.7
2026-04-02T20:00,12.2,66,0.00,2,13.7
2026-04-02T21:00,10.9,64,0.00,1,11.3
2026-04-02T22:00,9.6,66,0.00,1,9.7
2026-04-02T23:00,8.7,70,0.00,2,6.7
2026-04-03T00:00,7.9,72,0.00,1,5.4
2026-04-03T01:00,7.1,77,0.00,1,5.3
2026-04-03T02:00,6.2,80,0.00,2,4.3
2026-04-03T03:00,5.8,80,0.00,0,4.6
2026-04-03T04:00,5.5,81,0.00,0,2.9
2026-04-03T05:00,4.7,83,0.00,0,3.6
2026-04-03T06:00,4.4,83,0.00,1,3.3
2026-04-03T07:00,4.4,83,0.00,2,3.5
2026-04-03T08:00,5.1,80,0.00,3,3.6
2026-04-03T09:00,5.8,78,0.00,3,4.5
2026-04-03T10:00,6.7,76,0.00,2,7.2
2026-04-03T11:00,8.9,73,0.00,3,9.7
2026-04-03T12:00,10.2,70,0.00,3,9.7
2026-04-03T13:00,11.3,68,0.00,3,10.7
2026-04-03T14:00,13.2,63,0.00,3,14.3
2026-04-03T15:00,13.1,64,0.00,3,14.0
2026-04-03T16:00,12.9,67,0.00,3,16.1
2026-04-03T17:00,12.3,71,0.00,3,13.8
2026-04-03T18:00,12.1,74,0.00,3,13.3
2026-04-03T19:00,12.2,75,0.00,3,13.0
2026-04-03T20:00,11.7,83,0.00,3,13.6
2026-04-03T21:00,11.8,85,0.00,3,12.3
2026-04-03T22:00,11.8,86,0.00,3,10.2
2026-04-03T23:00,12.3,90,0.00,3,12.5
2026-04-04T00:00,12.5,90,0.00,3,11.3
2026-04-04T01:00,12.9,87,0.00,3,10.5
2026-04-04T02:00,13.0,87,0.00,3,10.5
2026-04-04T03:00,13.0,85,0.00,3,10.5
2026-04-04T04:00,12.9,86,0.00,3,7.6
2026-04-04T05:00,12.9,87,0.00,3,8.2
2026-04-04T06:00,13.0,86,0.00,3,8.6
2026-04-04T07:00,12.7,86,0.00,3,8.2
2026-04-04T08:00,12.6,87,0.00,3,7.6
2026-04-04T09:00,12.6,86,0.00,3,9.0
2026-04-04T10:00,12.9,84,0.00,3,9.1
2026-04-04T11:00,13.8,79,0.00,3,12.5
2026-04-04T12:00,14.6,73,0.00,3,11.8
2026-04-04T13:00,15.3,67,0.00,3,13.5
2026-04-04T14:00,15.7,64,0.00,3,13.2
2026-04-04T15:00,16.5,55,0.00,2,15.6
2026-04-04T16:00,17.7,50,0.00,2,14.5
2026-04-04T17:00,18.9,48,0.00,0,14.7
2026-04-04T18:00,19.0,53,0.00,0,14.8
2026-04-04T19:00,18.8,52,0.00,1,13.9
2026-04-04T20:00,18.3,51,0.00,2,12.7
2026-04-04T21:00,17.4,54,0.00,0,12.2
2026-04-04T22:00,16.1,60,0.00,2,11.2
2026-04-04T23:00,15.4,61,0.00,3,13.0
2026-04-05T00:00,14.9,61,0.00,2,13.7
2026-04-05T01:00,14.3,63,0.00,0,13.6
2026-04-05T02:00,14.7,63,0.00,0,13.4
2026-04-05T03:00,14.1,67,0.00,1,14.1
2026-04-05T04:00,13.1,73,0.00,3,12.8
2026-04-05T05:00,12.7,70,0.00,3,16.4
2026-04-05T06:00,11.5,77,0.00,3,13.0
2026-04-05T07:00,11.2,77,0.00,3,13.0
2026-04-05T08:00,11.3,79,0.00,3,13.8
2026-04-05T09:00,11.7,79,0.00,3,13.0
2026-04-05T10:00,12.4,76,0.00,3,13.1
2026-04-05T11:00,13.1,73,0.00,3,11.8
2026-04-05T12:00,14.4,60,0.00,3,15.1
2026-04-05T13:00,15.3,52,0.00,3,16.1
2026-04-05T14:00,15.9,44,0.00,3,16.2
2026-04-05T15:00,16.1,49,0.00,3,14.4
2026-04-05T16:00,15.6,50,0.00,3,16.2
2026-04-05T17:00,15.9,46,0.00,3,16.4
2026-04-05T18:00,15.2,49,0.00,3,15.0
2026-04-05T19:00,14.6,48,0.00,2,13.6
2026-04-05T20:00,13.6,53,0.00,0,12.2
2026-04-05T21:00,12.3,61,0.00,0,9.7
2026-04-05T22:00,11.7,62,0.00,0,7.6
2026-04-05T23:00,10.8,62,0.00,0,7.2
2026-04-06T00:00,10.0,67,0.00,2,5.6
2026-04-06T01:00,9.4,71,0.00,0,5.2
2026-04-06T02:00,8.6,75,0.00,0,3.2
2026-04-06T03:00,8.2,76,0.00,1,1.0
2026-04-06T04:00,7.7,76,0.00,2,1.5
2026-04-06T05:00,6.7,79,0.00,1,1.1
2026-04-06T06:00,6.3,76,0.00,1,1.8
2026-04-06T07:00,6.0,78,0.00,1,1.6
2026-04-06T08:00,5.9,88,0.00,1,2.9
2026-04-06T09:00,6.6,85,0.00,1,2.9
2026-04-06T10:00,8.6,69,0.00,0,3.9
2026-04-06T11:00,11.0,55,0.00,0,6.2
2026-04-06T12:00,12.6,52,0.00,1,8.2
2026-04-06T13:00,14.4,49,0.00,3,7.2
2026-04-06T14:00,15.9,46,0.00,1,7.9
2026-04-06T15:00,17.0,43,0.00,0,7.6
2026-04-06T16:00,17.8,43,0.00,1,7.2
2026-04-06T17:00,18.5,41,0.00,1,7.1
2026-04-06T18:00,18.6,41,0.00,1,7.3
2026-04-06T19:00,18.2,43,0.00,1,8.6
2026-04-06T20:00,17.4,43,0.00,0,9.8
2026-04-06T21:00,16.2,46,0.00,0,9.0
2026-04-06T22:00,15.2,49,0.00,0,7.6
2026-04-06T23:00,13.9,56,0.00,1,6.6
2026-04-07T00:00,12.9,61,0.00,0,5.4
2026-04-07T01:00,12.2,62,0.00,0,4.3
2026-04-07T02:00,11.5,62,0.00,0,4.3
2026-04-07T03:00,10.8,63,0.00,0,4.0
2026-04-07T04:00,10.4,62,0.00,1,3.3
2026-04-07T05:00,9.5,64,0.00,0,3.6
2026-04-07T06:00,9.1,67,0.00,0,3.2
2026-04-07T07:00,8.9,71,0.00,0,3.4
2026-04-07T08:00,9.2,71,0.00,0,4.7
2026-04-07T09:00,10.0,70,0.00,0,5.2
2026-04-07T10:00,11.4,65,0.00,0,6.8
2026-04-07T11:00,14.8,56,0.00,0,7.9
2026-04-07T12:00,17.5,49,0.00,0,8.0
2026-04-07T13:00,20.0,44,0.00,0,9.7
2026-04-07T14:00,22.5,40,0.00,0,11.1
2026-04-07T15:00,23.7,36,0.00,0,11.4
2026-04-07T16:00,24.4,34,0.00,0,11.4
2026-04-07T17:00,24.7,36,0.00,0,10.7
2026-04-07T18:00,24.5,39,0.00,0,11.5
2026-04-07T19:00,23.6,39,0.00,0,11.5
2026-04-07T20:00,22.3,40,0.00,0,10.8
2026-04-07T21:00,20.8,44,0.00,0,8.3
2026-04-07T22:00,19.4,46,0.00,0,6.2
2026-04-07T23:00,17.9,53,0.00,0,6.1
2026-04-08T00:00,16.7,56,0.00,0,5.4
2026-04-08T01:00,15.9,55,0.00,0,2.2
2026-04-08T02:00,14.9,53,0.00,0,2.9
2026-04-08T03:00,14.1,54,0.00,0,2.6
2026-04-08T04:00,13.3,57,0.00,0,2.7
2026-04-08T05:00,11.6,67,0.00,0,1.9
2026-04-08T06:00,11.4,65,0.00,0,2.4
2026-04-08T07:00,10.6,69,0.00,0,2.5
2026-04-08T08:00,10.8,67,0.00,0,1.9
2026-04-08T09:00,11.9,65,0.00,0,1.8
2026-04-08T10:00,13.9,55,0.00,0,3.5
2026-04-08T11:00,16.9,45,0.00,0,3.1
2026-04-08T12:00,18.8,41,0.00,0,4.2
2026-04-08T13:00,20.8,37,0.00,0,5.2
2026-04-08T14:00,23.0,32,0.00,0,5.1
2026-04-08T15:00,24.3,29,0.00,0,5.1
2026-04-08T16:00,25.1,27,0.00,0,6.1
2026-04-08T17:00,25.5,28,0.00,0,5.9
2026-04-08T18:00,25.4,27,0.00,0,5.9
2026-04-08T19:00,24.9,26,0.00,0,6.6
2026-04-08T20:00,23.8,31,0.00,0,6.2
2026-04-08T21:00,22.2,37,0.00,0,5.0
2026-04-08T22:00,20.7,43,0.00,0,3.7
2026-04-08T23:00,19.2,52,0.00,0,2.9
2026-04-09T00:00,17.8,58,0.00,0,2.2
2026-04-09T01:00,16.2,66,0.00,0,2.9
2026-04-09T02:00,14.8,75,0.00,0,2.1
2026-04-09T03:00,14.5,76,0.00,0,1.8
2026-04-09T04:00,13.8,77,0.00,0,1.8
2026-04-09T05:00,12.7,87,0.00,0,1.3
2026-04-09T06:00,12.1,89,0.00,0,1.5
2026-04-09T07:00,11.7,89,0.00,0,1.5
2026-04-09T08:00,11.3,96,0.00,1,2.0
2026-04-09T09:00,12.5,91,0.00,0,1.5
2026-04-09T10:00,14.7,78,0.00,0,2.3
2026-04-09T11:00,18.5,56,0.00,1,1.8
2026-04-09T12:00,21.1,48,0.00,0,4.0
2026-04-09T13:00,23.3,40,0.00,0,4.3
2026-04-09T14:00,24.9,35,0.00,1,5.7
2026-04-09T15:00,26.2,35,0.00,2,6.8
2026-04-09T16:00,26.9,30,0.00,2,8.7
2026-04-09T17:00,26.6,31,0.00,3,11.3
2026-04-09T18:00,26.3,34,0.00,3,10.0
2026-04-09T19:00,24.9,39,0.00,3,13.6
2026-04-09T20:00,23.5,43,0.00,80,18.5
2026-04-09T21:00,19.7,59,0.00,3,16.8
2026-04-09T22:00,17.0,71,0.00,3,15.5
2026-04-09T23:00,15.4,60,0.00,3,18.6
2026-04-10T00:00,13.7,68,0.00,3,17.1
2026-04-10T01:00,12.7,61,0.00,1,16.4
2026-04-10T02:00,12.1,65,0.00,3,14.7
2026-04-10T03:00,11.0,70,0.00,3,13.8
2026-04-10T04:00,10.3,73,0.00,3,13.4
2026-04-10T05:00,9.8,72,0.00,3,12.2
2026-04-10T06:00,9.4,71,0.00,3,11.6
2026-04-10T07:00,9.1,67,0.00,3,11.3
2026-04-10T08:00,8.9,68,0.00,3,8.8
2026-04-10T09:00,9.2,65,0.00,3,7.6
2026-04-10T10:00,10.1,61,0.00,1,6.8
2026-04-10T11:00,11.5,52,0.00,3,7.3
2026-04-10T12:00,12.5,47,0.00,3,5.4
2026-04-10T13:00,13.6,42,0.00,2,4.7
2026-04-10T14:00,14.8,40,0.00,2,2.4
2026-04-10T15:00,15.7,39,0.00,3,1.1
2026-04-10T16:00,16.1,34,0.00,3,1.0
2026-04-10T17:00,16.3,38,0.00,3,4.5
2026-04-10T18:00,16.2,32,0.00,3,5.7
2026-04-10T19:00,16.0,35,0.00,3,8.0
2026-04-10T20:00,14.7,47,0.00,3,10.1
2026-04-10T21:00,13.9,42,0.00,2,7.2
2026-04-10T22:00,13.7,40,0.00,3,8.9
2026-04-10T23:00,13.0,46,0.00,3,10.4
2026-04-11T00:00,12.2,51,0.00,3,10.0
2026-04-11T01:00,11.6,56,0.00,3,9.9
2026-04-11T02:00,11.4,62,0.00,3,10.4
2026-04-11T03:00,11.0,66,0.00,3,9.7
2026-04-11T04:00,10.8,69,0.00,3,9.2
2026-04-11T05:00,10.8,70,0.00,3,9.2
2026-04-11T06:00,10.9,71,0.00,3,9.2
2026-04-11T07:00,10.8,73,0.00,3,9.9
2026-04-11T08:00,11.1,74,0.00,3,10.4
2026-04-11T09:00,12.0,74,0.00,3,11.4
2026-04-11T10:00,13.0,76,0.00,61,9.0
2026-04-11T11:00,14.5,71,1.30,95,9.0
2026-04-11T12:00,16.1,73,0.00,3,13.0
2026-04-11T13:00,16.3,71,0.10,61,13.0
2026-04-11T14:00,15.7,73,0.10,80,13.0
2026-04-11T15:00,15.9,69,0.00,61,12.9
2026-04-11T16:00,12.1,67,0.00,3,18.4
2026-04-11T17:00,10.9,69,0.00,3,16.0
2026-04-11T18:00,10.0,70,0.10,61,15.1
2026-04-11T19:00,9.7,74,0.00,3,11.5
2026-04-11T20:00,9.9,67,0.00,3,5.0
2026-04-11T21:00,9.7,69,0.00,3,5.7
2026-04-11T22:00,9.4,71,0.00,3,5.9
2026-04-11T23:00,9.1,75,0.00,3,7.4
2026-04-12T00:00,8.8,80,0.00,3,6.9
2026-04-12T01:00,8.6,82,0.00,3,6.3
2026-04-12T02:00,8.5,82,0.00,3,6.4
2026-04-12T03:00,8.2,81,0.00,3,6.9
2026-04-12T04:00,8.2,73,0.00,3,6.1
2026-04-12T05:00,7.4,78,0.00,3,5.8
2026-04-12T06:00,6.9,80,0.00,3,6.6
2026-04-12T07:00,6.4,80,0.00,3,6.9
2026-04-12T08:00,6.3,81,0.00,3,7.2
2026-04-12T09:00,7.0,78,0.00,3,7.2
2026-04-12T10:00,8.6,72,0.00,3,5.3
2026-04-12T11:00,10.5,69,0.00,3,8.3
2026-04-12T12:00,12.1,59,0.00,3,9.6
2026-04-12T13:00,13.0,54,0.00,3,9.7
2026-04-12T14:00,13.4,53,0.00,3,9.7
2026-04-12T15:00,13.6,53,0.00,3,9.5
2026-04-12T16:00,14.3,50,0.00,3,8.9
2026-04-12T17:00,14.5,49,0.00,3,7.6
2026-04-12T18:00,14.3,49,0.00,3,9.1
2026-04-12T19:00,14.2,48,0.00,3,7.6
2026-04-12T20:00,13.3,52,0.00,3,8.7
2026-04-12T21:00,12.9,52,0.00,3,6.5
2026-04-12T22:00,12.6,53,0.00,3,4.8
2026-04-12T23:00,11.8,59,0.00,3,2.2
2026-04-13T00:00,11.1,66,0.00,3,2.7
2026-04-13T01:00,10.2,70,0.00,3,3.6
2026-04-13T02:00,9.5,76,0.00,3,1.9
2026-04-13T03:00,9.0,77,0.00,3,2.2
2026-04-13T04:00,8.8,77,0.00,3,3.0
2026-04-13T05:00,8.6,79,0.00,3,4.7
2026-04-13T06:00,8.6,76,0.00,3,3.6
2026-04-13T07:00,8.6,76,0.00,3,1.6
2026-04-13T08:00,8.9,78,0.00,3,1.8
2026-04-13T09:00,9.0,80,0.00,3,4.4
2026-04-13T10:00,9.8,76,0.00,3,2.3
2026-04-13T11:00,11.3,69,0.00,3,1.6
2026-04-13T12:00,12.7,63,0.00,3,3.8
2026-04-13T13:00,13.3,62,0.00,3,4.8
2026-04-13T14:00,13.9,47,5.70,63,6.9
2026-04-13T15:00,12.7,68,0.00,3,15.6
2026-04-13T16:00,13.3,56,0.00,80,7.1
2026-04-13T17:00,13.6,56,0.00,3,12.6
2026-04-13T18:00,11.1,71,0.60,80,14.2
2026-04-13T19:00,11.4,67,0.60,80,10.0
2026-04-13T20:00,11.6,65,0.00,2,9.7
2026-04-13T21:00,10.7,72,0.00,1,7.8
2026-04-13T22:00,10.0,76,0.00,0,4.5
2026-04-13T23:00,9.6,79,0.00,0,2.3
2026-04-14T00:00,9.2,82,0.00,1,2.6
2026-04-14T01:00,8.7,87,0.00,1,3.8
2026-04-14T02:00,8.1,90,0.00,1,3.0
2026-04-14T03:00,7.9,91,0.00,1,2.2
2026-04-14T04:00,7.4,92,0.00,0,2.5
2026-04-14T05:00,6.5,93,0.00,0,1.6
2026-04-14T06:00,6.1,95,0.00,1,1.8
2026-04-14T07:00,5.0,100,0.00,45,2.1
2026-04-14T08:00,5.2,100,0.00,45,1.8
2026-04-14T09:00,5.8,99,0.00,45,0.4
2026-04-14T10:00,8.6,85,0.00,1,2.6
2026-04-14T11:00,12.5,55,0.00,0,3.7
2026-04-14T12:00,13.9,49,0.00,1,5.7
2026-04-14T13:00,15.3,43,0.00,1,5.4
2026-04-14T14:00,16.5,37,0.00,1,6.9
2026-04-14T15:00,17.2,34,0.00,1,6.9
2026-04-14T16:00,17.7,35,0.00,1,8.5
2026-04-14T17:00,17.8,30,0.00,2,7.6
2026-04-14T18:00,17.9,32,0.00,1,8.1
2026-04-14T19:00,17.6,32,0.00,1,7.2
2026-04-14T20:00,17.0,31,0.00,0,8.6
2026-04-14T21:00,16.1,35,0.00,1,8.6
2026-04-14T22:00,15.3,39,0.00,1,5.4
2026-04-14T23:00,14.0,45,0.00,1,5.0
2026-04-15T00:00,13.0,49,0.00,0,5.9
2026-04-15T01:00,12.2,57,0.00,0,6.1
2026-04-15T02:00,11.1,56,0.00,1,7.0
2026-04-15T03:00,10.6,60,0.00,0,7.4
2026-04-15T04:00,10.2,63,0.00,0,7.1
2026-04-15T05:00,9.6,65,0.00,2,8.5
2026-04-15T06:00,9.3,66,0.00,0,8.2
2026-04-15T07:00,8.9,69,0.00,1,7.2
2026-04-15T08:00,9.0,69,0.00,3,8.9
2026-04-15T09:00,10.1,64,0.00,1,9.5
2026-04-15T10:00,11.8,58,0.00,1,9.8
2026-04-15T11:00,14.7,45,0.00,3,11.3
2026-04-15T12:00,16.3,43,0.00,3,11.9
2026-04-15T13:00,17.1,42,0.00,3,13.6
2026-04-15T14:00,18.2,41,0.00,3,13.8
2026-04-15T15:00,18.7,46,0.00,3,13.8
2026-04-15T16:00,18.5,53,0.00,3,14.8
2026-04-15T17:00,18.0,56,0.00,3,14.0
2026-04-15T18:00,18.7,56,0.00,2,12.4
2026-04-15T19:00,18.9,53,0.00,3,12.5
2026-04-15T20:00,18.1,60,0.00,3,10.7
2026-04-15T21:00,17.4,65,0.00,3,11.4
2026-04-15T22:00,17.0,67,0.00,3,9.2
2026-04-15T23:00,16.4,72,0.00,3,8.2
2026-04-16T00:00,16.1,72,0.00,3,8.6
2026-04-16T01:00,15.4,68,0.00,1,10.5
2026-04-16T02:00,14.1,76,0.00,1,9.5
2026-04-16T03:00,13.2,79,0.00,2,8.0
2026-04-16T04:00,12.4,81,0.00,1,7.3
2026-04-16T05:00,11.5,85,0.00,0,8.4
2026-04-16T06:00,10.7,86,0.00,1,6.1
2026-04-16T07:00,10.1,88,0.00,1,3.7
2026-04-16T08:00,10.3,85,0.00,3,5.6
2026-04-16T09:00,10.8,82,0.00,3,7.2
2026-04-16T10:00,12.3,74,0.00,2,6.3
2026-04-16T11:00,14.1,65,0.00,2,7.2
2026-04-16T12:00,15.3,57,0.00,3,6.6
2026-04-16T13:00,16.5,50,0.00,2,8.7
2026-04-16T14:00,17.5,44,0.00,2,8.4
2026-04-16T15:00,18.4,39,0.00,3,9.6
2026-04-16T16:00,18.9,39,0.00,2,7.3
2026-04-16T17:00,19.3,35,0.00,3,4.7
2026-04-16T18:00,19.4,36,0.00,3,7.1
2026-04-16T19:00,18.9,38,0.00,3,6.8
2026-04-16T20:00,18.2,38,0.00,2,6.1
2026-04-16T21:00,17.2,43,0.00,0,5.7
2026-04-16T22:00,16.4,43,0.00,2,3.6
2026-04-16T23:00,15.4,55,0.00,3,3.3
2026-04-17T00:00,14.7,58,0.00,3,2.5
2026-04-17T01:00,14.0,62,0.00,3,1.8
2026-04-17T02:00,13.4,66,0.00,3,2.4
2026-04-17T03:00,12.7,70,0.00,3,2.6
2026-04-17T04:00,11.9,73,0.00,3,3.3
2026-04-17T05:00,11.0,80,0.00,3,3.6
2026-04-17T06:00,10.6,81,0.00,1,2.5
2026-04-17T07:00,10.0,83,0.00,0,3.3
2026-04-17T08:00,9.9,83,0.00,1,3.3
2026-04-17T09:00,10.8,77,0.00,3,5.9
2026-04-17T10:00,12.4,69,0.00,3,5.0
2026-04-17T11:00,15.9,53,0.00,2,3.8
2026-04-17T12:00,17.5,48,0.00,3,3.6
2026-04-17T13:00,18.9,45,0.00,3,2.6
2026-04-17T14:00,20.2,40,0.00,2,1.8
2026-04-17T15:00,20.5,38,0.00,3,4.6
2026-04-17T16:00,20.1,41,0.00,3,4.7
2026-04-17T17:00,20.6,39,0.00,3,2.3
2026-04-17T18:00,20.9,39,0.00,2,1.9
2026-04-17T19:00,20.9,39,0.00,2,6.4
2026-04-17T20:00,20.1,43,0.00,3,4.1
2026-04-17T21:00,19.3,48,0.00,3,6.1
2026-04-17T22:00,19.0,46,0.00,3,4.3
2026-04-17T23:00,17.3,54,0.00,3,3.6
2026-04-18T00:00,16.3,61,0.00,1,2.8
2026-04-18T01:00,15.4,64,0.00,1,3.6
2026-04-18T02:00,14.2,70,0.00,1,5.1
2026-04-18T03:00,13.9,70,0.00,3,3.8
2026-04-18T04:00,13.5,71,0.00,3,4.7
2026-04-18T05:00,12.7,75,0.00,3,4.9
2026-04-18T06:00,12.9,73,0.00,3,2.5
2026-04-18T07:00,12.8,73,0.00,2,2.3
2026-04-18T08:00,12.7,76,0.00,3,3.9
2026-04-18T09:00,13.8,70,0.00,3,4.4
2026-04-18T10:00,15.4,63,0.00,3,4.1
2026-04-18T11:00,17.9,52,0.00,3,3.8
2026-04-18T12:00,19.8,46,0.00,2,3.1
2026-04-18T13:00,21.1,45,0.00,2,7.0
2026-04-18T14:00,21.6,44,0.00,2,5.4
2026-04-18T15:00,22.1,40,0.00,2,7.8
2026-04-18T16:00,21.9,45,0.00,2,9.2
2026-04-18T17:00,21.5,49,0.00,2,12.4
2026-04-18T18:00,20.3,54,0.00,3,13.5
2026-04-18T19:00,17.7,64,0.00,3,16.3
2026-04-18T20:00,16.0,70,0.00,3,14.5
2026-04-18T21:00,15.2,68,0.00,3,14.5
2026-04-18T22:00,14.2,64,0.00,3,13.8
2026-04-18T23:00,13.1,60,0.00,2,14.5
2026-04-19T00:00,11.6,63,0.00,2,13.2
2026-04-19T01:00,10.5,72,0.00,1,11.1
2026-04-19T02:00,9.8,76,0.00,2,9.7
2026-04-19T03:00,9.2,80,0.00,1,8.2
2026-04-19T04:00,8.5,82,0.00,0,7.2
2026-04-19T05:00,7.9,85,0.00,0,7.3
2026-04-19T06:00,7.6,86,0.00,0,6.2
2026-04-19T07:00,7.2,87,0.00,0,5.8
2026-04-19T08:00,7.5,91,0.00,0,6.1
2026-04-19T09:00,8.8,86,0.00,2,9.1
2026-04-19T10:00,10.7,78,0.00,0,6.6
2026-04-19T11:00,12.0,72,0.00,0,6.9
2026-04-19T12:00,13.9,64,0.00,1,6.2
2026-04-19T13:00,15.7,52,0.00,2,8.8
2026-04-19T14:00,16.7,42,0.00,3,9.1
2026-04-19T15:00,17.0,42,0.00,2,10.4
2026-04-19T16:00,17.6,36,0.00,3,9.4
2026-04-19T17:00,18.0,31,0.00,3,8.3
2026-04-19T18:00,18.1,31,0.00,3,9.0
2026-04-19T19:00,17.5,32,0.00,2,8.4
2026-04-19T20:00,16.5,34,0.00,1,10.0
2026-04-19T21:00,15.6,39,0.00,3,10.0
2026-04-19T22:00,14.6,45,0.00,3,7.9
2026-04-19T23:00,12.7,57,0.00,3,12.6
2026-04-20T00:00,11.5,61,0.00,3,12.9
2026-04-20T01:00,10.6,66,0.00,3,11.3
2026-04-20T02:00,9.7,72,0.00,3,8.9
2026-04-20T03:00,8.9,77,0.00,3,9.2
2026-04-20T04:00,8.3,81,0.00,1,8.6
2026-04-20T05:00,7.8,84,0.00,0,7.9
2026-04-20T06:00,7.4,85,0.00,1,7.9
2026-04-20T07:00,6.8,87,0.00,2,8.1
2026-04-20T08:00,6.5,86,0.00,3,9.3
2026-04-20T09:00,7.0,82,0.00,2,9.5
2026-04-20T10:00,9.0,71,0.00,0,10.1
2026-04-20T11:00,11.9,58,0.00,3,13.1
2026-04-20T12:00,13.1,52,0.00,3,12.9
2026-04-20T13:00,14.0,48,0.00,2,13.6
2026-04-20T14:00,14.7,44,0.00,3,12.2
2026-04-20T15:00,15.4,40,0.00,1,13.1
2026-04-20T16:00,15.8,38,0.00,1,13.8
2026-04-20T17:00,15.7,38,0.00,1,13.3
2026-04-20T18:00,15.6,38,0.00,1,13.2
2026-04-20T19:00,15.0,36,0.00,3,13.3
2026-04-20T20:00,14.2,38,0.00,3,12.5
2026-04-20T21:00,13.2,39,0.00,2,12.2
2026-04-20T22:00,12.1,45,0.00,3,12.9
2026-04-20T23:00,11.1,50,0.00,2,12.0
2026-04-21T00:00,9.9,57,0.00,0,11.6
2026-04-21T01:00,8.9,65,0.00,0,11.4
2026-04-21T02:00,8.3,71,0.00,0,11.5
2026-04-21T03:00,7.6,75,0.00,0,10.1
2026-04-21T04:00,7.1,78,0.00,0,9.8
2026-04-21T05:00,6.7,78,0.00,0,8.4
2026-04-21T06:00,6.3,78,0.00,0,7.7
2026-04-21T07:00,5.7,80,0.00,0,7.8
2026-04-21T08:00,6.1,80,0.00,1,7.9
2026-04-21T09:00,7.4,73,0.00,0,7.6
2026-04-21T10:00,9.2,64,0.00,0,10.0
2026-04-21T11:00,12.3,46,0.00,0,11.0
2026-04-21T12:00,13.9,35,0.00,0,13.9
2026-04-21T13:00,14.9,33,0.00,1,16.1
2026-04-21T14:00,15.7,32,0.00,1,16.9
2026-04-21T15:00,16.0,32,0.00,2,15.5
2026-04-21T16:00,16.1,35,0.00,3,18.0
2026-04-21T17:00,14.7,44,0.00,3,17.6
2026-04-21T18:00,14.9,41,0.00,2,21.2
2026-04-21T19:00,14.9,41,0.00,1,16.7
2026-04-21T20:00,14.8,41,0.00,0,16.0
2026-04-21T21:00,14.0,44,0.00,0,15.1
2026-04-21T22:00,13.3,45,0.00,0,12.5
2026-04-21T23:00,12.2,53,0.00,0,12.1
2026-04-22T00:00,11.4,55,0.00,0,11.5
2026-04-22T01:00,10.7,59,0.00,0,11.9
2026-04-22T02:00,10.0,60,0.00,0,13.0
2026-04-22T03:00,9.3,61,0.00,0,12.2
2026-04-22T04:00,9.0,59,0.00,0,13.2
2026-04-22T05:00,8.9,61,0.00,0,13.0
2026-04-22T06:00,8.4,61,0.00,0,14.3
2026-04-22T07:00,8.0,60,0.00,0,13.9
2026-04-22T08:00,8.2,59,0.00,0,13.9
2026-04-22T09:00,8.9,57,0.00,0,14.0
2026-04-22T10:00,10.5,53,0.00,0,15.2
2026-04-22T11:00,12.7,47,0.00,0,17.6
2026-04-22T12:00,14.9,40,0.00,0,19.1
2026-04-22T13:00,16.4,32,0.00,0,19.9
2026-04-22T14:00,17.4,29,0.00,0,20.9
2026-04-22T15:00,18.2,31,0.00,0,19.7
2026-04-22T16:00,18.9,30,0.00,0,20.1
2026-04-22T17:00,19.2,27,0.00,0,20.5
2026-04-22T18:00,19.2,26,0.00,0,20.1
2026-04-22T19:00,18.8,26,0.00,0,19.3
2026-04-22T20:00,17.8,28,0.00,0,18.3
2026-04-22T21:00,16.8,31,0.00,0,15.7
2026-04-22T22:00,15.6,35,0.00,0,12.7
2026-04-22T23:00,14.4,41,0.00,0,12.3
2026-04-23T00:00,13.3,44,0.00,0,11.7
2026-04-23T01:00,12.4,46,0.00,0,11.7
2026-04-23T02:00,11.7,47,0.00,0,11.7
2026-04-23T03:00,11.2,48,0.00,0,10.8
2026-04-23T04:00,10.6,50,0.00,0,10.2
2026-04-23T05:00,10.1,52,0.00,0,9.4
2026-04-23T06:00,9.5,54,0.00,0,8.2
2026-04-23T07:00,8.8,58,0.00,0,7.4
2026-04-23T08:00,8.7,61,0.00,0,7.2
2026-04-23T09:00,9.8,57,0.00,0,7.9
2026-04-23T10:00,11.8,52,0.00,0,9.7
2026-04-23T11:00,14.4,46,0.00,0,11.7
2026-04-23T12:00,17.0,40,0.00,0,14.1
2026-04-23T13:00,19.0,34,0.00,0,15.7
2026-04-23T14:00,20.5,29,0.00,0,15.8
2026-04-23T15:00,21.4,31,0.00,0,17.0
2026-04-23T16:00,21.8,27,0.00,0,16.9
2026-04-23T17:00,22.2,26,0.00,0,16.6
2026-04-23T18:00,22.1,26,0.00,0,16.6
2026-04-23T19:00,21.6,26,0.00,0,16.3
2026-04-23T20:00,20.6,27,0.00,0,15.5
2026-04-23T21:00,19.5,31,0.00,0,12.4
2026-04-23T22:00,18.3,39,0.00,0,10.3
2026-04-23T23:00,16.4,48,0.00,0,12.0
2026-04-24T00:00,15.2,47,0.00,0,11.8
2026-04-24T01:00,14.3,46,0.00,0,11.8
2026-04-24T02:00,13.4,46,0.00,0,10.2
2026-04-24T03:00,12.5,48,0.00,0,8.4
2026-04-24T04:00,11.7,49,0.00,0,5.2
2026-04-24T05:00,10.8,51,0.00,0,5.2
2026-04-24T06:00,9.9,54,0.00,0,4.8
2026-04-24T07:00,9.0,57,0.00,0,4.7
2026-04-24T08:00,8.9,60,0.00,0,4.9
2026-04-24T09:00,10.3,55,0.00,0,7.4
2026-04-24T10:00,12.4,51,0.00,0,9.2
2026-04-24T11:00,14.6,48,0.00,0,10.2
2026-04-24T12:00,16.9,43,0.00,0,10.9
2026-04-24T13:00,18.9,35,0.00,0,12.3
2026-04-24T14:00,20.3,30,0.00,0,13.1
2026-04-24T15:00,21.2,27,0.00,0,13.7
2026-04-24T16:00,21.8,25,0.00,0,14.5
2026-04-24T17:00,21.9,24,0.00,0,14.8
2026-04-24T18:00,21.6,28,0.00,0,14.4
2026-04-24T19:00,20.9,34,0.00,0,13.9
2026-04-24T20:00,19.7,38,0.00,0,12.8
2026-04-24T21:00,17.8,43,0.00,0,11.1
2026-04-24T22:00,15.7,50,0.00,0,9.9
2026-04-24T23:00,14.2,54,0.00,0,8.8
2026-04-25T00:00,13.1,57,0.00,0,8.0
2026-04-25T01:00,12.2,62,0.00,0,7.6
2026-04-25T02:00,11.3,65,0.00,0,6.9
2026-04-25T03:00,10.5,68,0.00,0,6.5
2026-04-25T04:00,9.7,73,0.00,0,4.7
2026-04-25T05:00,9.0,77,0.00,0,4.6
2026-04-25T06:00,8.4,80,0.00,0,4.6
2026-04-25T07:00,7.9,83,0.00,0,3.1
2026-04-25T08:00,8.2,82,0.00,0,3.3
2026-04-25T09:00,9.7,76,0.00,0,4.2
2026-04-25T10:00,12.0,68,0.00,0,5.8
2026-04-25T11:00,14.3,59,0.00,0,7.3
2026-04-25T12:00,16.4,50,0.00,0,8.4
2026-04-25T13:00,18.4,41,0.00,0,9.2
2026-04-25T14:00,20.1,34,0.00,0,10.2
2026-04-25T15:00,21.2,28,0.00,0,10.7
2026-04-25T16:00,21.8,24,0.00,0,10.9
2026-04-25T17:00,22.0,22,0.00,0,11.2
2026-04-25T18:00,21.6,22,0.00,0,12.0
2026-04-25T19:00,20.8,25,0.00,0,12.5
2026-04-25T20:00,19.6,29,0.00,0,12.5
2026-04-25T21:00,18.0,35,0.00,0,11.5
2026-04-25T22:00,15.9,41,0.00,0,9.7
2026-04-25T23:00,14.2,48,0.00,0,8.2
2026-04-26T00:00,13.1,54,0.00,1,7.4
2026-04-26T01:00,12.2,60,0.00,1,6.6
2026-04-26T02:00,11.4,65,0.00,1,6.1
2026-04-26T03:00,10.6,69,0.00,0,5.9
2026-04-26T04:00,9.9,72,0.00,0,5.7
2026-04-26T05:00,9.3,74,0.00,0,5.5
2026-04-26T06:00,8.7,75,0.00,1,5.5
2026-04-26T07:00,8.2,74,0.00,1,6.0
2026-04-26T08:00,8.5,72,0.00,1,6.2
2026-04-26T09:00,9.9,67,0.00,1,6.9
2026-04-26T10:00,12.1,60,0.00,1,7.7
2026-04-26T11:00,14.3,53,0.00,1,8.4
2026-04-26T12:00,16.3,47,0.00,3,9.0
2026-04-26T13:00,18.4,40,0.00,3,9.7
2026-04-26T14:00,19.9,36,0.00,3,10.3
2026-04-26T15:00,20.8,34,0.00,3,10.4
2026-04-26T16:00,21.3,34,0.00,3,10.5
2026-04-26T17:00,21.3,35,0.00,3,10.9
2026-04-26T18:00,20.9,37,0.00,3,11.5
2026-04-26T19:00,20.1,39,0.00,3,11.7
2026-04-26T20:00,19.1,43,0.00,3,11.7
2026-04-26T21:00,17.6,48,0.00,2,10.7
2026-04-26T22:00,15.9,54,0.00,2,8.9
2026-04-26T23:00,14.3,59,0.00,2,7.4
2026-04-27T00:00,13.0,64,0.00,1,5.6
2026-04-27T01:00,12.0,68,0.00,1,4.7
2026-04-27T02:00,11.2,71,0.00,1,3.8
2026-04-27T03:00,10.2,75,0.00,2,3.7
2026-04-27T04:00,9.4,78,0.00,2,3.5
2026-04-27T05:00,8.9,80,0.00,2,3.7
2026-04-27T06:00,8.7,80,0.00,3,3.6
2026-04-27T07:00,8.8,78,0.00,3,3.3
2026-04-27T08:00,9.4,75,0.00,3,3.2
2026-04-27T09:00,10.5,69,0.00,2,4.0
2026-04-27T10:00,12.0,62,0.00,2,6.2
2026-04-27T11:00,13.7,56,0.00,2,7.9
2026-04-27T12:00,15.6,51,0.00,2,8.5
2026-04-27T13:00,17.7,47,0.00,2,8.7
2026-04-27T14:00,19.4,43,0.00,2,8.9
2026-04-27T15:00,20.5,40,0.00,1,10.0
2026-04-27T16:00,21.2,38,0.00,1,10.9
2026-04-27T17:00,21.5,37,0.00,1,11.7
2026-04-27T18:00,21.1,37,0.00,2,12.5
2026-04-27T19:00,20.2,39,0.00,2,13.2
2026-04-27T20:00,19.1,42,0.00,2,13.4
2026-04-27T21:00,17.6,47,0.00,1,12.9
2026-04-27T22:00,15.9,53,0.00,1,11.6
2026-04-27T23:00,14.5,59,0.00,1,10.6
2026-04-28T00:00,13.4,63,0.00,2,9.7
2026-04-28T01:00,12.6,66,0.00,2,9.2
2026-04-28T02:00,11.8,68,0.00,2,8.8
2026-04-28T03:00,11.0,69,0.00,1,8.7
2026-04-28T04:00,10.1,68,0.00,1,8.7
2026-04-28T05:00,9.5,69,0.00,1,9.0
2026-04-28T06:00,9.0,73,0.00,3,9.4
2026-04-28T07:00,8.7,77,0.00,3,10.3
2026-04-28T08:00,8.9,79,0.00,3,11.2
2026-04-28T09:00,9.9,75,0.00,2,12.1
2026-04-28T10:00,11.3,68,0.00,2,13.2
2026-04-28T11:00,12.9,61,0.00,2,14.1
2026-04-28T12:00,14.7,55,0.00,1,14.7
2026-04-28T13:00,16.6,50,0.00,1,14.8
2026-04-28T14:00,18.0,45,0.00,1,15.0
2026-04-28T15:00,18.8,41,0.00,0,15.5
2026-04-28T16:00,19.1,39,0.00,0,16.4
2026-04-28T17:00,18.8,38,0.00,0,16.6
2026-04-28T18:00,17.9,40,0.00,3,16.5
2026-04-28T19:00,16.5,45,0.00,3,16.6
2026-04-28T20:00,15.0,50,0.00,3,16.1
2026-04-28T21:00,13.6,55,0.00,3,15.0
2026-04-28T22:00,12.2,60,0.00,3,13.6
2026-04-28T23:00,11.0,65,0.00,3,12.4
2026-04-29T00:00,10.2,70,0.00,3,11.6
2026-04-29T01:00,9.6,76,0.00,3,11.2
2026-04-29T02:00,9.1,80,0.00,3,10.5
2026-04-29T03:00,8.8,82,0.00,3,9.8
2026-04-29T04:00,8.7,83,0.00,3,8.9
2026-04-29T05:00,8.7,84,0.00,3,8.7
2026-04-29T06:00,8.6,85,0.00,3,9.0
2026-04-29T07:00,8.6,85,0.00,3,9.7
2026-04-29T08:00,9.0,83,0.00,3,10.2
2026-04-29T09:00,9.9,78,0.00,3,10.9
2026-04-29T10:00,11.2,72,0.00,3,12.8
2026-04-29T11:00,12.2,68,0.00,3,14.7
2026-04-29T12:00,13.5,62,0.00,3,15.2
2026-04-29T13:00,15.2,56,0.00,3,15.2
2026-04-29T14:00,17.2,46,0.00,3,15.5
2026-04-29T15:00,19.3,35,0.00,3,16.5
2026-04-29T16:00,19.6,34,0.00,3,17.8
2026-04-29T17:00,19.5,34,0.00,3,18.5
2026-04-29T18:00,19.0,37,0.00,3,17.9
2026-04-29T19:00,18.1,41,0.00,3,16.8
2026-04-29T20:00,17.2,46,0.00,3,15.8
2026-04-29T21:00,16.4,51,0.00,3,14.8
2026-04-29T22:00,15.6,56,0.00,3,13.4
2026-04-29T23:00,14.8,60,0.00,3,12.7
2026-04-30T00:00,14.0,62,0.00,3,13.1
2026-04-30T01:00,13.2,64,0.00,3,13.3
2026-04-30T02:00,12.4,66,0.00,3,13.8
2026-04-30T03:00,11.4,71,0.00,3,13.1
2026-04-30T04:00,10.4,77,0.00,3,12.6
2026-04-30T05:00,9.7,80,0.00,3,12.1
2026-04-30T06:00,9.3,80,0.00,3,12.4
2026-04-30T07:00,9.3,77,0.00,3,13.5
2026-04-30T08:00,9.7,73,0.00,3,14.1
2026-04-30T09:00,11.2,67,0.00,2,14.0
2026-04-30T10:00,13.2,59,0.00,1,13.8
2026-04-30T11:00,14.7,54,0.00,0,13.8
2026-04-30T12:00,15.4,53,0.10,51,15.7
2026-04-30T13:00,15.7,53,0.10,51,17.8
2026-04-30T14:00,15.8,54,0.10,51,19.6
2026-04-30T15:00,16.0,53,0.10,51,20.2
2026-04-30T16:00,16.2,52,0.10,51,20.2
2026-04-30T17:00,16.0,52,0.10,51,19.6
2026-04-30T18:00,15.5,54,0.20,51,18.4
2026-04-30T19:00,14.6,58,0.20,51,16.6
2026-04-30T20:00,13.8,62,0.20,51,13.9
2026-04-30T21:00,13.2,66,0.00,3,8.9
2026-04-30T22:00,12.5,70,0.00,3,4.4
2026-04-30T23:00,11.9,72,0.00,3,5.4
2026-05-01T00:00,11.4,70,0.00,3,6.6
2026-05-01T01:00,10.9,65,0.00,3,9.0
2026-05-01T02:00,10.4,61,0.00,3,11.6
2026-05-01T03:00,9.9,60,0.00,3,11.7
2026-05-01T04:00,9.4,59,0.00,3,11.4
2026-05-01T05:00,9.0,59,0.00,3,11.0
2026-05-01T06:00,8.6,58,0.00,3,12.2
2026-05-01T07:00,8.2,57,0.00,3,13.9
2026-05-01T08:00,8.4,55,0.00,3,14.8
2026-05-01T09:00,9.5,50,0.00,3,15.0
2026-05-01T10:00,11.2,44,0.00,3,15.1
2026-05-01T11:00,12.7,39,0.00,3,15.4
2026-05-01T12:00,14.1,35,0.00,3,16.3
2026-05-01T13:00,15.4,32,0.00,3,17.1
2026-05-01T14:00,16.4,30,0.00,3,17.8
2026-05-01T15:00,17.2,30,0.00,3,18.1
2026-05-01T16:00,17.6,30,0.00,3,18.7
2026-05-01T17:00,17.7,32,0.00,3,18.7
2026-05-01T18:00,17.4,35,0.00,3,18.0
2026-05-01T19:00,16.7,38,0.00,3,16.8
2026-05-01T20:00,15.8,43,0.00,3,16.2
2026-05-01T21:00,14.6,50,0.00,3,16.0
2026-05-01T22:00,13.2,58,0.00,3,15.8
2026-05-01T23:00,12.0,64,0.00,2,15.7
2026-05-02T00:00,11.4,67,0.00,2,15.3
2026-05-02T01:00,11.0,69,0.00,3,14.8
2026-05-02T02:00,10.6,71,0.00,3,14.4
2026-05-02T03:00,10.2,73,0.00,3,13.7
2026-05-02T04:00,9.9,76,0.00,3,13.0
2026-05-02T05:00,9.6,78,0.00,3,12.4
2026-05-02T06:00,9.3,80,0.00,3,12.5
2026-05-02T07:00,9.1,82,0.00,3,12.9
2026-05-02T08:00,9.3,82,0.00,3,13.3
2026-05-02T09:00,10.3,78,0.00,3,13.6
2026-05-02T10:00,11.6,72,0.00,3,13.4
2026-05-02T11:00,12.9,66,0.00,3,13.3
2026-05-02T12:00,14.1,60,0.10,51,13.0
2026-05-02T13:00,15.2,55,0.10,51,12.2
2026-05-02T14:00,15.8,52,0.10,51,11.9
2026-05-02T15:00,15.7,55,0.10,51,12.6
2026-05-02T16:00,15.1,61,0.10,51,14.1
2026-05-02T17:00,14.5,66,0.10,51,15.1
2026-05-02T18:00,14.2,69,0.10,51,15.5
2026-05-02T19:00,13.8,71,0.10,51,15.2
2026-05-02T20:00,13.3,74,0.10,51,14.9
2026-05-02T21:00,12.7,77,0.00,3,14.1
2026-05-02T22:00,11.9,80,0.00,3,13.0
2026-05-02T23:00,11.2,83,0.00,3,11.9
2026-05-03T00:00,10.6,85,0.00,2,11.2
2026-05-03T01:00,10.0,85,0.00,1,10.5
2026-05-03T02:00,9.4,86,0.00,0,10.1
2026-05-03T03:00,8.8,87,0.00,0,10.2
2026-05-03T04:00,8.1,88,0.00,0,10.3
2026-05-03T05:00,7.5,87,0.00,0,10.5
2026-05-03T06:00,6.9,84,0.00,0,11.3
2026-05-03T07:00,6.4,79,0.00,0,12.6
2026-05-03T08:00,6.5,73,0.00,0,13.7
2026-05-03T09:00,7.5,66,0.00,0,14.1
2026-05-03T10:00,9.1,58,0.00,0,14.0
2026-05-03T11:00,10.7,50,0.00,0,13.5
2026-05-03T12:00,12.2,43,0.00,0,12.7
2026-05-03T13:00,13.6,37,0.00,0,11.7
2026-05-03T14:00,14.7,33,0.00,0,11.0
2026-05-03T15:00,15.6,31,0.00,1,11.0
2026-05-03T16:00,16.1,31,0.00,1,11.5
2026-05-03T17:00,16.2,32,0.00,2,12.0
2026-05-03T18:00,15.7,36,0.00,3,13.9
2026-05-03T19:00,14.7,41,0.00,3,16.3
2026-05-03T20:00,13.6,46,0.00,3,17.9
2026-05-03T21:00,12.6,51,0.00,3,17.0
2026-05-03T22:00,11.6,57,0.00,2,14.8
2026-05-03T23:00,10.6,61,0.00,2,13.5
2026-05-04T00:00,9.9,63,0.00,2,12.2
2026-05-04T01:00,9.4,64,0.00,3,10.6
2026-05-04T02:00,8.8,65,0.00,3,9.3
2026-05-04T03:00,8.2,68,0.00,3,9.2
2026-05-04T04:00,7.6,71,0.00,3,9.7
2026-05-04T05:00,7.1,73,0.00,2,10.4
2026-05-04T06:00,6.8,73,0.00,2,11.6
2026-05-04T07:00,6.6,71,0.00,3,13.1
2026-05-04T08:00,6.7,68,0.00,3,14.0
2026-05-04T09:00,7.4,64,0.00,3,14.1
2026-05-04T10:00,8.5,59,0.00,3,13.7
2026-05-04T11:00,9.7,53,0.00,3,13.4
2026-05-04T12:00,11.3,46,0.00,3,13.7
2026-05-04T13:00,13.0,39,0.00,3,14.3
2026-05-04T14:00,14.3,35,0.00,3,14.8
2026-05-04T15:00,14.8,35,0.00,3,14.0
2026-05-04T16:00,14.9,37,0.00,3,13.4
2026-05-04T17:00,14.8,39,0.00,3,12.8
2026-05-04T18:00,14.9,41,0.00,3,11.9
2026-05-04T19:00,14.8,43,0.00,3,11.2
2026-05-04T20:00,14.5,46,0.00,3,10.3
2026-05-04T21:00,13.7,51,0.00,3,9.0
2026-05-04T22:00,12.6,56,0.00,3,7.7
2026-05-04T23:00,11.7,61,0.00,3,6.8
2026-05-05T00:00,11.1,65,0.00,3,5.6
2026-05-05T01:00,10.6,68,0.00,3,4.7
2026-05-05T02:00,10.3,71,0.00,3,4.0
2026-05-05T03:00,10.2,73,0.00,3,3.6
2026-05-05T04:00,10.3,74,0.00,3,3.6
2026-05-05T05:00,10.4,74,0.00,3,3.8
2026-05-05T06:00,10.6,72,0.00,3,4.3
2026-05-05T07:00,10.9,70,0.00,3,5.2
2026-05-05T08:00,10.9,70,0.00,3,5.2
2026-05-05T09:00,10.4,77,0.50,53,4.7
2026-05-05T10:00,9.6,86,0.50,53,3.6
2026-05-05T11:00,9.3,92,0.50,53,3.1
2026-05-05T12:00,9.9,91,0.00,3,4.9
2026-05-05T13:00,10.9,85,0.00,3,10.0
2026-05-05T14:00,11.9,80,0.00,3,13.8
2026-05-05T15:00,12.8,75,0.00,3,15.5
2026-05-05T16:00,13.5,70,0.00,3,16.3
2026-05-05T17:00,13.9,67,0.00,3,17.2
2026-05-05T18:00,13.7,69,0.10,51,17.9
2026-05-05T19:00,13.1,74,0.10,51,18.5
2026-05-05T20:00,12.3,78,0.10,51,18.8
2026-05-05T21:00,11.5,79,0.00,3,19.2
2026-05-05T22:00,10.6,80,0.00,2,19.4
2026-05-05T23:00,9.8,80,0.00,2,19.9
2026-05-06T00:00,9.3,81,0.00,1,20.5
2026-05-06T01:00,9.0,83,0.00,1,21.5
2026-05-06T02:00,8.7,84,0.00,1,22.1
2026-05-06T03:00,8.3,85,0.00,1,22.0
2026-05-06T04:00,8.0,86,0.00,2,22.0
2026-05-06T05:00,7.8,87,0.00,2,22.0
2026-05-06T06:00,8.1,87,0.10,51,22.3
2026-05-06T07:00,8.6,86,0.10,51,22.6
2026-05-06T08:00,9.0,85,0.10,51,23.1
2026-05-06T09:00,9.2,85,0.10,51,22.8
2026-05-06T10:00,9.2,84,0.10,51,22.1
2026-05-06T11:00,9.6,82,0.10,51,21.4
2026-05-06T12:00,10.7,78,0.10,51,21.7
2026-05-06T13:00,12.0,73,0.10,51,22.7
2026-05-06T14:00,13.2,67,0.10,51,22.7
2026-05-06T15:00,14.2,59,0.00,3,20.0
2026-05-06T16:00,15.0,50,0.00,2,16.9
2026-05-06T17:00,15.4,44,0.00,2,14.4
2026-05-06T18:00,15.2,45,0.00,2,12.3
2026-05-06T19:00,14.6,49,0.00,2,9.4
2026-05-06T20:00,13.9,54,0.00,2,7.3
2026-05-06T21:00,13.4,59,0.00,3,5.4
2026-05-06T22:00,12.8,65,0.00,3,5.2
2026-05-06T23:00,12.2,71,0.00,3,5.8
2026-05-07T00:00,11.8,76,0.10,51,5.8
2026-05-07T01:00,11.5,82,0.10,51,5.8
2026-05-07T02:00,11.0,86,0.10,51,5.9
2026-05-07T03:00,10.4,89,0.10,51,7.1
2026-05-07T04:00,9.7,91,0.10,51,8.8
2026-05-07T05:00,9.1,92,0.10,51,10.3
2026-05-07T06:00,8.7,91,0.00,2,10.3
2026-05-07T07:00,8.4,90,0.00,1,10.1
2026-05-07T08:00,8.6,86,0.00,1,10.5
2026-05-07T09:00,9.6,80,0.00,1,11.5
2026-05-07T10:00,11.2,73,0.00,2,12.7
2026-05-07T11:00,12.6,65,0.00,3,13.9
2026-05-07T12:00,14.0,57,0.00,3,15.3
2026-05-07T13:00,15.4,49,0.00,3,16.3
2026-05-07T14:00,16.2,44,0.00,3,16.7
2026-05-07T15:00,16.2,45,0.00,3,16.6
2026-05-07T16:00,15.7,49,0.00,3,18.2
2026-05-07T17:00,14.8,55,0.00,3,20.0
2026-05-07T18:00,13.5,65,0.30,51,17.4
2026-05-07T19:00,11.9,78,0.30,51,12.9
2026-05-07T20:00,10.7,87,0.30,51,10.1
2026-05-07T21:00,10.3,89,0.00,3,9.7
2026-05-07T22:00,10.2,89,0.00,3,10.7
2026-05-07T23:00,9.9,88,0.00,3,12.3
